time,iteration,size,seconds,microseconds
1522532641, 0, 4919186, 8, 512063
1522532644, 1, 1511855, 2, 933211
1522532645, 2, 437643, 0, 543526
1522532649, 3, 3224957, 4, 505158
1522532656, 4, 4919186, 7, 64310
1522532658, 5, 1000535, 1, 930093
1522532659, 6, 437643, 1, 349494
1522532667, 7, 4919186, 7, 162944
1522532667, 8, 437643, 0, 614611
1522532675, 9, 4919186, 7, 678757
1522532678, 10, 1511855, 2, 931235
1522532680, 11, 1087667, 2, 187005
1522532683, 12, 1278476, 2, 571635
1522532684, 13, 1087667, 1, 726859
1522532686, 14, 1000535, 1, 489383
1522532688, 15, 1000535, 1, 974242
1522532689, 16, 437643, 0, 945570
1522532692, 17, 1278476, 2, 868558
1522532693, 18, 1000535, 1, 235537
1522532697, 19, 1615289, 3, 767962
1522532699, 20, 1278476, 2, 764493
1522532702, 21, 1000535, 2, 887741
1522532709, 22, 4919186, 6, 430040
1522532710, 23, 1511855, 1, 845518
1522532712, 24, 1087667, 1, 926360
1522532714, 25, 437643, 1, 655946
1522532716, 26, 1278476, 2, 363802
1522532724, 27, 4919186, 7, 809814
1522532726, 28, 1278476, 1, 561713
1522532726, 29, 437643, 0, 516272
1522532732, 30, 3224957, 6, 183947
1522532736, 31, 1511855, 3, 167557
1522532737, 32, 1087667, 1, 639416
1522532743, 33, 3688570, 5, 321252
1522532746, 34, 1511855, 3, 379332
1522532746, 35, 437643, 0, 511772
1522532747, 36, 437643, 0, 511312
1522532748, 37, 951239, 1, 124296
1522532753, 38, 3224957, 4, 922416
1522532761, 39, 4919186, 7, 571011
1522532761, 40, 437643, 0, 612882
1522532763, 41, 1278476, 1, 740205
1522532769, 42, 3688570, 5, 674141
1522532771, 43, 1511855, 1, 904969
1522532779, 44, 4919186, 8, 244734
1522532781, 45, 1511855, 2, 198229
1522532784, 46, 1511855, 2, 681327
1522532785, 47, 1087667, 1, 148118
1522532787, 48, 1278476, 2, 5525
1522532794, 49, 4919186, 7, 258546
1522532796, 50, 1087667, 2, 58839
1522532801, 51, 3688570, 5, 325359
1522532807, 52, 3224957, 5, 505400
1522532809, 53, 1000535, 1, 558646
1522532811, 54, 1087667, 2, 289007
1522532812, 55, 1087667, 1, 294048
1522532815, 56, 1278476, 2, 452366
1522532817, 57, 1511855, 2, 177489
1522532821, 58, 3224957, 4, 482670
1522532824, 59, 1087667, 2, 355331
1522532825, 60, 1087667, 1, 246704
1522532827, 61, 1511855, 1, 974415
1522532830, 62, 1278476, 2, 934543
1522532831, 63, 1000535, 1, 624295
1522532834, 64, 1615289, 2, 795304
1522532836, 65, 1000535, 1, 607669
1522532839, 66, 1615289, 2, 729404
1522532844, 67, 3224957, 5, 359772
1522532847, 68, 1511855, 2, 661857
1522532851, 69, 3224957, 4, 607355
1522532858, 70, 4919186, 7, 271459
1522532859, 71, 437643, 0, 921900
1522532861, 72, 951239, 1, 226455
1522532864, 73, 1511855, 3, 174096
1522532866, 74, 1000535, 2, 354828
1522532869, 75, 1511855, 2, 662475
1522532871, 76, 1511855, 1, 776488
1522532873, 77, 1511855, 2, 114499
1522532875, 78, 1278476, 2, 149172
1522532877, 79, 1278476, 2, 662416
1522532881, 80, 1615289, 3, 275635
1522532890, 81, 4919186, 9, 318476
1522532891, 82, 951239, 1, 123091
1522532896, 83, 3224957, 4, 872761
1522532899, 84, 1615289, 2, 738668
1522532907, 85, 4919186, 8, 55620
1522532909, 86, 1511855, 1, 861349
1522532910, 87, 437643, 1, 4597
1522532911, 88, 951239, 1, 640643
1522532912, 89, 437643, 0, 612855
1522532916, 90, 1615289, 3, 736503
1522532916, 91, 437643, 0, 534468
1522532919, 92, 1615289, 2, 587942
1522532921, 93, 1000535, 2, 355746
1522532923, 94, 1511855, 1, 840887
1522532925, 95, 1087667, 1, 945346
1522532928, 96, 1278476, 2, 968471
1522532930, 97, 1000535, 2, 526765
1522532933, 98, 1615289, 2, 133253
1522532934, 99, 1000535, 1, 882132
1522532942, 100, 4919186, 7, 583822
1522532945, 101, 1278476, 2, 428017
1522532946, 102, 1000535, 1, 746036
1522532949, 103, 1511855, 2, 892589
1522532957, 104, 4919186, 7, 867278
1522532964, 105, 4919186, 6, 724736
1522532966, 106, 951239, 1, 888394
1522532971, 107, 3688570, 5, 632953
1522532977, 108, 3224957, 5, 941468
1522532978, 109, 437643, 1, 23804
1522532980, 110, 1087667, 1, 328032
1522532985, 111, 3224957, 5, 428916
1522532992, 112, 4919186, 7, 268810
1522532995, 113, 1000535, 2, 275770
1522532996, 114, 1000535, 1, 841696
1522532999, 115, 1511855, 2, 126222
1522533004, 116, 3688570, 5, 818894
1522533010, 117, 3688570, 5, 549378
1522533011, 118, 1087667, 1, 534890
1522533014, 119, 1511855, 2, 968149
1522533017, 120, 1511855, 2, 353811
1522533018, 121, 951239, 1, 669670
1522533021, 122, 1511855, 2, 744437
1522533024, 123, 1615289, 3, 55479
1522533027, 124, 1000535, 2, 567068
1522533034, 125, 4919186, 7, 650203
1522533036, 126, 951239, 1, 561383
1522533037, 127, 1087667, 1, 438127
1522533043, 128, 3224957, 5, 932401
1522533045, 129, 951239, 1, 845745
1522533051, 130, 3688570, 5, 627154
1522533056, 131, 3224957, 5, 220471
1522533058, 132, 1615289, 2, 149970
1522533066, 133, 4919186, 7, 705137
1522533067, 134, 1087667, 1, 407479
1522533068, 135, 437643, 0, 713273
1522533070, 136, 1000535, 1, 998593
1522533073, 137, 1000535, 2, 594043
1522533074, 138, 951239, 1, 549633
1522533076, 139, 951239, 1, 844163
1522533083, 140, 4919186, 7, 64843
1522533085, 141, 1511855, 1, 943872
1522533087, 142, 437643, 1, 539618
1522533089, 143, 1000535, 1, 943575
1522533090, 144, 437643, 1, 23447
1522533092, 145, 1615289, 2, 125722
1522533096, 146, 3224957, 4, 715253
1522533097, 147, 951239, 1, 90187
1522533099, 148, 1000535, 1, 742738
1522533101, 149, 1000535, 1, 994664
1522533102, 150, 437643, 0, 614893
1522533108, 151, 3688570, 5, 937800
1522533110, 152, 1000535, 2, 252912
1522533111, 153, 437643, 0, 614892
1522533113, 154, 1087667, 2, 46427
1522533115, 155, 1278476, 2, 625708
1522533123, 156, 4919186, 8, 126276
1522533130, 157, 4919186, 6, 666583
1522533131, 158, 437643, 0, 602493
1522533138, 159, 4919186, 7, 186586
1522533140, 160, 1511855, 1, 942378
1522533147, 161, 3688570, 7, 664319
1522533149, 162, 1511855, 1, 733064
1522533151, 163, 1000535, 1, 904384
1522533153, 164, 1278476, 1, 891327
1522533154, 165, 437643, 0, 772979
1522533159, 166, 3224957, 5, 62285
1522533168, 167, 4919186, 9, 113731
1522533169, 168, 1000535, 1, 435326
1522533176, 169, 3688570, 6, 654809
1522533178, 170, 1000535, 2, 252378
1522533181, 171, 1087667, 2, 304045
1522533184, 172, 1615289, 3, 189772
1522533187, 173, 1278476, 2, 810077
1522533190, 174, 1278476, 2, 939123
1522533195, 175, 3224957, 5, 805337
1522533200, 176, 3688570, 4, 760723
1522533202, 177, 1511855, 1, 949545
1522533204, 178, 1000535, 1, 888237
1522533206, 179, 1278476, 2, 405691
1522533209, 180, 1278476, 2, 355053
1522533211, 181, 1511855, 1, 842890
1522533213, 182, 951239, 2, 48343
1522533216, 183, 1615289, 2, 969387
1522533217, 184, 1000535, 1, 700783
1522533220, 185, 1615289, 3, 113435
1522533222, 186, 951239, 2, 43516
1522533228, 187, 3224957, 5, 164502
1522533228, 188, 437643, 0, 671513
1522533230, 189, 1000535, 1, 626747
1522533232, 190, 1278476, 2, 472256
1522533234, 191, 951239, 1, 637479
1522533239, 192, 3224957, 4, 809142
1522533240, 193, 1000535, 1, 333184
1522533242, 194, 1278476, 1, 845169
1522533244, 195, 1511855, 1, 982525
1522533251, 196, 4919186, 7, 434483
1522533258, 197, 3688570, 6, 288725
1522533260, 198, 951239, 1, 902004
1522533262, 199, 1000535, 2, 251101
1522533265, 200, 1278476, 3, 277758
1522533267, 201, 1000535, 1, 358511
1522533269, 202, 1087667, 2, 427968
1522533271, 203, 951239, 1, 946228
1522533276, 204, 3224957, 4, 811992
1522533279, 205, 1615289, 3, 482259
1522533287, 206, 4919186, 7, 476063
1522533288, 207, 1000535, 1, 533682
1522533290, 208, 1511855, 1, 842027
1522533297, 209, 4919186, 6, 553576
1522533299, 210, 1278476, 2, 49552
1522533301, 211, 1000535, 2, 47349
1522533306, 212, 3224957, 5, 119954
1522533307, 213, 1000535, 1, 430883
1522533310, 214, 1615289, 2, 324677
1522533314, 215, 3224957, 4, 334452
1522533315, 216, 1000535, 1, 224476
1522533318, 217, 1615289, 2, 766682
1522533321, 218, 1511855, 2, 663876
1522533322, 219, 951239, 1, 737686
1522533330, 220, 4919186, 8, 56103
1522533332, 221, 1087667, 1, 590846
1522533335, 222, 951239, 2, 852660
1522533336, 223, 1000535, 1, 525817
1522533344, 224, 4919186, 7, 271943
1522533345, 225, 1511855, 1, 743532
1522533348, 226, 1511855, 2, 763468
1522533353, 227, 3224957, 5, 15337
1522533354, 228, 437643, 0, 508876
1522533357, 229, 1278476, 3, 2763
1522533362, 230, 3688570, 5, 701297
1522533364, 231, 1087667, 1, 637903
1522533366, 232, 1278476, 1, 944523
1522533367, 233, 1087667, 1, 576250
1522533369, 234, 1087667, 1, 601964
1522533372, 235, 1615289, 3, 272442
1522533374, 236, 1000535, 1, 390712
1522533374, 237, 437643, 0, 658371
1522533376, 238, 1000535, 1, 638029
1522533378, 239, 1511855, 2, 253031
1522533380, 240, 1087667, 2, 50985
1522533386, 241, 3224957, 5, 155244
1522533387, 242, 1000535, 1, 289425
1522533389, 243, 1000535, 2, 544828
1522533398, 244, 4919186, 8, 925140
1522533400, 245, 1000535, 1, 538808
1522533401, 246, 951239, 1, 428914
1522533404, 247, 1087667, 3, 113629
1522533407, 248, 1000535, 2, 181644
1522533414, 249, 3688570, 7, 245106
1522533416, 250, 1000535, 2, 409110
1522533421, 251, 3224957, 4, 407466
1522533428, 252, 4919186, 7, 469085
1522533430, 253, 951239, 1, 740223
1522533431, 254, 437643, 0, 920077
1522533432, 255, 1000535, 1, 536650
1522533435, 256, 1278476, 2, 865721
1522533436, 257, 437643, 0, 619282
1522533437, 258, 437643, 1, 228038
1522533443, 259, 3688570, 6, 277447
1522533445, 260, 951239, 1, 455379
1522533457, 261, 4919186, 12, 300759
1522533458, 262, 1000535, 1, 210391
1522533460, 263, 1000535, 2, 209127
1522533462, 264, 1000535, 1, 957232
1522533468, 265, 3224957, 5, 560126
1522533470, 266, 1087667, 2, 97502
1522533472, 267, 1000535, 2, 134308
1522533476, 268, 1511855, 3, 574964
1522533482, 269, 4919186, 6, 689128
1522533484, 270, 1000535, 1, 837449
1522533486, 271, 1000535, 2, 146524
1522533488, 272, 951239, 1, 340517
1522533492, 273, 3224957, 4, 394830
1522533494, 274, 1000535, 1, 481902
1522533501, 275, 3688570, 6, 916856
1522533507, 276, 3224957, 6, 54014
1522533508, 277, 1000535, 1, 620893
1522533510, 278, 951239, 1, 644607
1522533512, 279, 1000535, 2, 552430
1522533517, 280, 3224957, 4, 796907
1522533518, 281, 437643, 0, 527827
1522533520, 282, 1511855, 2, 154334
1522533522, 283, 1087667, 2, 26164
1522533524, 284, 1000535, 1, 997343
1522533525, 285, 951239, 1, 192571
1522533528, 286, 1278476, 2, 357964
1522533529, 287, 437643, 1, 26961
1522533531, 288, 1087667, 2, 49900
1522533536, 289, 3224957, 5, 193872
1522533538, 290, 1087667, 2, 476767
1522533540, 291, 1000535, 1, 538352
1522533543, 292, 1615289, 3, 281113
1522533546, 293, 1615289, 2, 749412
1522533548, 294, 1000535, 1, 849775
1522533549, 295, 951239, 1, 377778
1522533554, 296, 3224957, 4, 971144
1522533556, 297, 1278476, 1, 848174
1522533558, 298, 1278476, 2, 249180
1522533563, 299, 3224957, 5, 291922
1522533566, 300, 1278476, 2, 102460
1522533566, 301, 437643, 0, 905101
1522533567, 302, 437643, 0, 617850
1522533569, 303, 1000535, 2, 89329
1522533577, 304, 3688570, 8, 42445
1522533580, 305, 1278476, 2, 970238
1522533583, 306, 1511855, 2, 718549
1522533585, 307, 1615289, 2, 496158
1522533587, 308, 1000535, 1, 843520
1522533589, 309, 1087667, 2, 45079
1522533591, 310, 437643, 1, 438532
1522533593, 311, 1000535, 1, 942749
1522533595, 312, 951239, 2, 249312
1522533595, 313, 437643, 0, 491697
1522533597, 314, 1511855, 2, 47831
1522533605, 315, 4919186, 7, 494634
1522533606, 316, 1000535, 1, 303563
1522533607, 317, 951239, 1, 256021
1522533609, 318, 437643, 1, 24110
1522533610, 319, 951239, 1, 431398
1522533613, 320, 1511855, 2, 609215
1522533615, 321, 1615289, 2, 407664
1522533617, 322, 951239, 2, 246079
1522533620, 323, 1000535, 3, 188243
1522533623, 324, 1000535, 2, 557134
1522533628, 325, 3224957, 5, 441673
1522533634, 326, 3688570, 5, 816356
1522533643, 327, 4919186, 8, 541176
1522533646, 328, 1615289, 2, 926559
1522533648, 329, 1000535, 2, 144554
1522533654, 330, 4919186, 6, 660688
1522533656, 331, 1087667, 1, 716696
1522533658, 332, 951239, 2, 133728
1522533661, 333, 1087667, 2, 497265
1522533662, 334, 1000535, 1, 433557
1522533665, 335, 1087667, 2, 458377
1522533670, 336, 3688570, 5, 214541
1522533675, 337, 3688570, 5, 227924
1522533677, 338, 1615289, 2, 322103
1522533683, 339, 3224957, 5, 233822
1522533685, 340, 951239, 2, 171516
1522533688, 341, 1278476, 2, 871022
1522533688, 342, 437643, 0, 519469
1522533690, 343, 1087667, 1, 727790
1522533693, 344, 1615289, 3, 173757
1522533699, 345, 3224957, 5, 529173
1522533700, 346, 951239, 1, 502640
1522533702, 347, 1087667, 1, 774843
1522533704, 348, 1000535, 1, 636545
1522533704, 349, 437643, 0, 613939
1522533711, 350, 3688570, 6, 860854
1522533712, 351, 437643, 0, 614440
1522533720, 352, 4919186, 7, 986158
1522533721, 353, 1087667, 1, 742976
1522533723, 354, 1000535, 1, 845681
1522533725, 355, 1087667, 2, 140664
1522533731, 356, 3688570, 5, 642831
1522533733, 357, 1278476, 1, 722476
1522533736, 358, 1278476, 2, 969862
1522533739, 359, 1278476, 2, 877225
1522533740, 360, 1278476, 1, 739534
1522533741, 361, 437643, 1, 24996
1522533743, 362, 1000535, 1, 680558
1522533752, 363, 4919186, 9, 273879
1522533754, 364, 1000535, 1, 435755
1522533756, 365, 1087667, 1, 736909
1522533757, 366, 1000535, 1, 433771
1522533759, 367, 1000535, 1, 895002
1522533761, 368, 1615289, 2, 507796
1522533767, 369, 3688570, 5, 655079
1522533769, 370, 1000535, 2, 23841
1522533771, 371, 1087667, 1, 740139
1522533773, 372, 1615289, 2, 99600
1522533773, 373, 437643, 0, 564941
1522533775, 374, 951239, 1, 641718
1522533777, 375, 1087667, 2, 260511
1522533779, 376, 1000535, 1, 828048
1522533782, 377, 1511855, 2, 866655
1522533785, 378, 1615289, 3, 276759
1522533787, 379, 1000535, 1, 330540
1522533789, 380, 1087667, 2, 252650
1522533792, 381, 1000535, 3, 71366
1522533794, 382, 1278476, 2, 252723
1522533797, 383, 1278476, 2, 559620
1522533804, 384, 4919186, 7, 568596
1522533810, 385, 3688570, 5, 844915
1522533817, 386, 4919186, 6, 895121
1522533823, 387, 3688570, 5, 802788
1522533824, 388, 1000535, 1, 534914
1522533827, 389, 1278476, 2, 125492
1522533829, 390, 1615289, 2, 481280
1522533830, 391, 437643, 0, 547458
1522533831, 392, 1000535, 1, 862249
1522533834, 393, 1000535, 2, 195523
1522533839, 394, 3224957, 4, 913845
1522533839, 395, 437643, 0, 717165
1522533841, 396, 1278476, 2, 46667
1522533846, 397, 3224957, 4, 505377
1522533848, 398, 1087667, 1, 740746
1522533856, 399, 4919186, 8, 297245
1522533863, 400, 4919186, 6, 755269
1522533870, 401, 4919186, 7, 682085
1522533872, 402, 1278476, 1, 737068
1522533874, 403, 1000535, 1, 821618
1522533876, 404, 951239, 2, 375818
1522533883, 405, 3688570, 6, 886479
1522533886, 406, 1615289, 2, 840582
1522533887, 407, 437643, 1, 23248
1522533889, 408, 951239, 1, 819111
1522533892, 409, 1511855, 3, 300102
1522533895, 410, 1511855, 2, 969168
1522533897, 411, 1000535, 1, 536012
1522533900, 412, 1615289, 3, 177440
1522533903, 413, 1278476, 2, 968448
1522533905, 414, 1511855, 2, 454230
1522533907, 415, 1278476, 1, 752893
1522533908, 416, 437643, 0, 570283
1522533910, 417, 1278476, 2, 591841
1522533911, 418, 437643, 0, 613165
1522533917, 419, 3224957, 5, 786120
1522533918, 420, 1000535, 1, 428156
1522533920, 421, 1000535, 2, 308587
1522533921, 422, 437643, 0, 613679
1522533923, 423, 1000535, 1, 944780
1522533924, 424, 951239, 1, 317786
1522533926, 425, 951239, 1, 886313
1522533934, 426, 4919186, 7, 864826
1522533935, 427, 951239, 1, 320620
1522533937, 428, 951239, 1, 359888
1522533939, 429, 1511855, 2, 502
1522533940, 430, 1000535, 1, 611721
1522533942, 431, 1511855, 2, 91297
1522533944, 432, 1278476, 2, 3550
1522533945, 433, 437643, 0, 576378
1522533951, 434, 3688570, 5, 917939
1522533952, 435, 1000535, 1, 641433
1522533957, 436, 3688570, 5, 31417
1522533961, 437, 1511855, 3, 113856
1522533962, 438, 1087667, 1, 680925
1522533963, 439, 437643, 0, 614135
1522533967, 440, 1511855, 3, 822361
1522533970, 441, 1087667, 2, 833764
1522533971, 442, 1000535, 1, 361197
1522533975, 443, 1615289, 3, 653857
1522533977, 444, 1511855, 2, 664437
1522533983, 445, 3224957, 5, 673844
1522533984, 446, 951239, 1, 564881
1522533989, 447, 3224957, 4, 916349
1522533990, 448, 437643, 0, 574426
1522533992, 449, 1615289, 2, 218064
1522533993, 450, 437643, 1, 301151
1522534002, 451, 4919186, 8, 526926
1522534004, 452, 1278476, 1, 635606
1522534006, 453, 1087667, 2, 385969
1522534007, 454, 437643, 0, 534777
1522534009, 455, 1000535, 2, 610283
1522534011, 456, 1000535, 1, 535777
1522534018, 457, 4919186, 7, 506999
1522534024, 458, 3688570, 5, 803545
1522534026, 459, 1278476, 1, 888247
1522534028, 460, 1511855, 2, 110847
1522534029, 461, 951239, 1, 389468
1522534032, 462, 1000535, 2, 904415
1522534035, 463, 1511855, 2, 929728
1522534039, 464, 1615289, 3, 304682
1522534044, 465, 3688570, 5, 132061
1522534045, 466, 1087667, 1, 438231
1522534050, 467, 3224957, 5, 215662
1522534053, 468, 1511855, 2, 394729
1522534058, 469, 3224957, 5, 29394
1522534059, 470, 951239, 1, 151061
1522534061, 471, 1087667, 1, 663656
1522534066, 472, 3688570, 5, 293394
1522534067, 473, 951239, 1, 209708
1522534069, 474, 1000535, 2, 304793
1522534075, 475, 3224957, 5, 439870
1522534077, 476, 1278476, 2, 617654
1522534081, 477, 1615289, 3, 110336
1522534081, 478, 437643, 0, 910869
1522534083, 479, 1000535, 1, 126266
1522534091, 480, 4919186, 8, 602528
1522534094, 481, 1615289, 3, 172661
1522534097, 482, 1511855, 2, 611379
1522534103, 483, 3224957, 5, 708227
1522534105, 484, 1000535, 1, 817614
1522534107, 485, 1511855, 2, 251083
1522534111, 486, 3224957, 4, 323269
1522534113, 487, 1000535, 1, 729997
1522534115, 488, 1000535, 2, 238681
1522534117, 489, 1000535, 2, 279545
1522534119, 490, 1000535, 1, 917903
1522534128, 491, 3688570, 8, 293979
1522534130, 492, 1615289, 2, 355689
1522534131, 493, 951239, 1, 433569
1522534135, 494, 1615289, 3, 173131
1522534136, 495, 1000535, 1, 852599
1522534139, 496, 1511855, 2, 139353
1522534141, 497, 1278476, 2, 253202
1522534147, 498, 3224957, 6, 143211
1522534149, 499, 1278476, 1, 637727
1522534150, 500, 1278476, 1, 845536
1522534159, 501, 4919186, 8, 188846
1522534159, 502, 437643, 0, 575335
1522534160, 503, 1000535, 1, 267169
1522534164, 504, 1087667, 3, 174197
1522534166, 505, 1087667, 2, 354792
1522534173, 506, 4919186, 7, 474645
1522534175, 507, 951239, 1, 433607
1522534177, 508, 951239, 1, 843993
1522534179, 509, 1087667, 1, 944313
1522534181, 510, 1511855, 2, 559972
1522534190, 511, 4919186, 8, 497779
1522534190, 512, 437643, 0, 614375
1522534192, 513, 1087667, 1, 842661
1522534198, 514, 3224957, 6, 249045
1522534203, 515, 3224957, 5, 14607
1522534204, 516, 437643, 0, 564559
1522534207, 517, 1278476, 2, 813279
1522534209, 518, 1000535, 2, 559612
1522534211, 519, 951239, 1, 433300
1522534214, 520, 1087667, 2, 765469
1522534216, 521, 1615289, 2, 252620
1522534220, 522, 1278476, 3, 700832
1522534223, 523, 1615289, 3, 362309
1522534230, 524, 3688570, 7, 579437
1522534232, 525, 1087667, 1, 534144
1522534234, 526, 1278476, 2, 361953
1522534235, 527, 437643, 0, 606165
1522534237, 528, 1087667, 1, 535569
1522534239, 529, 1087667, 2, 149924
1522534244, 530, 3688570, 5, 119764
1522534245, 531, 437643, 0, 922352
1522534246, 532, 1087667, 1, 744413
1522534248, 533, 1278476, 1, 738111
1522534256, 534, 4919186, 7, 676943
1522534258, 535, 1278476, 1, 842891
1522534260, 536, 1278476, 1, 843129
1522534265, 537, 3224957, 5, 734382
1522534272, 538, 3688570, 6, 247477
1522534274, 539, 1615289, 2, 250416
1522534278, 540, 3688570, 4, 402549
1522534280, 541, 1000535, 1, 537617
1522534285, 542, 3688570, 5, 527399
1522534291, 543, 3688570, 5, 505748
1522534293, 544, 951239, 1, 866985
1522534295, 545, 951239, 2, 151308
1522534298, 546, 1278476, 2, 762347
1522534300, 547, 1000535, 2, 870225
1522534303, 548, 1511855, 2, 793415
1522534310, 549, 3224957, 6, 315972
1522534312, 550, 1511855, 2, 458757
1522534317, 551, 3688570, 5, 302839
1522534321, 552, 1615289, 3, 296286
1522534326, 553, 3688570, 5, 19689
1522534328, 554, 1278476, 2, 45392
1522534333, 555, 3688570, 5, 192094
1522534334, 556, 437643, 0, 951735
1522534344, 557, 4919186, 9, 726621
1522534346, 558, 1000535, 2, 483363
1522534351, 559, 3224957, 4, 545573
1522534355, 560, 3224957, 4, 235295
1522534361, 561, 3688570, 6, 449795
1522534366, 562, 3224957, 4, 914027
1522534367, 563, 437643, 1, 12581
1522534372, 564, 3224957, 5, 201222
1522534374, 565, 951239, 1, 669766
1522534376, 566, 1087667, 2, 49897
1522534379, 567, 1000535, 2, 864656
1522534382, 568, 1615289, 3, 174471
1522534384, 569, 951239, 1, 389132
1522534386, 570, 951239, 2, 605483
1522534387, 571, 437643, 0, 918972
1522534389, 572, 1000535, 1, 625450
1522534390, 573, 1000535, 1, 805504
1522534398, 574, 4919186, 7, 895698
1522534400, 575, 1278476, 1, 880991
1522534406, 576, 3688570, 5, 308940
1522534414, 577, 4919186, 8, 412635
1522534415, 578, 1000535, 1, 125147
1522534418, 579, 1278476, 2, 458757
1522534420, 580, 1278476, 2, 763281
1522534423, 581, 1278476, 2, 867931
1522534425, 582, 951239, 1, 537228
1522534425, 583, 437643, 0, 609663
1522534427, 584, 1278476, 1, 948272
1522534431, 585, 951239, 3, 420552
1522534436, 586, 3224957, 5, 320871
1522534438, 587, 1000535, 1, 812479
1522534445, 588, 4919186, 7, 262896
1522534447, 589, 1278476, 1, 737943
1522534449, 590, 1278476, 1, 747471
1522534451, 591, 1278476, 2, 253737
1522534454, 592, 1615289, 3, 578148
1522534457, 593, 1000535, 2, 145624
1522534460, 594, 1511855, 3, 480441
1522534461, 595, 1000535, 1, 331829
1522534467, 596, 3688570, 5, 528560
1522534469, 597, 951239, 2, 204894
1522534470, 598, 437643, 0, 560221
1522534470, 599, 437643, 0, 539951
1522534472, 600, 951239, 1, 710053
1522534479, 601, 4919186, 7, 475681
1522534481, 602, 1000535, 1, 848748
1522534483, 603, 951239, 1, 957772
1522534485, 604, 951239, 1, 925540
1522534490, 605, 3224957, 5, 120538
1522534491, 606, 951239, 1, 230076
1522534493, 607, 1087667, 1, 560725
1522534495, 608, 1000535, 2, 387144
1522534501, 609, 3224957, 5, 53660
1522534503, 610, 1511855, 2, 867734
1522534507, 611, 1615289, 3, 583010
1522534509, 612, 1087667, 1, 699445
1522534510, 613, 1000535, 1, 474585
1522534512, 614, 1000535, 1, 943945
1522534514, 615, 951239, 2, 163813
1522534517, 616, 1615289, 2, 521234
1522534518, 617, 1278476, 1, 663969
1522534524, 618, 3224957, 5, 91433
1522534525, 619, 951239, 1, 662573
1522534527, 620, 1000535, 1, 474003
1522534527, 621, 437643, 0, 583727
1522534529, 622, 1087667, 1, 832232
1522534531, 623, 1087667, 1, 843263
1522534533, 624, 1087667, 1, 754889
1522534534, 625, 1000535, 1, 624237
1522534535, 626, 437643, 1, 22326
1522534536, 627, 437643, 0, 545448
1522534541, 628, 3224957, 5, 290840
1522534542, 629, 437643, 0, 547043
1522534544, 630, 1087667, 1, 840280
1522534545, 631, 1000535, 1, 603781
1522534547, 632, 1278476, 2, 145701
1522534549, 633, 1278476, 2, 59664
1522534551, 634, 951239, 1, 991391
1522534553, 635, 1000535, 1, 277809
1522534559, 636, 3688570, 6, 582949
1522534562, 637, 1615289, 2, 733794
1522534565, 638, 1000535, 2, 561395
1522534567, 639, 1615289, 2, 519525
1522534572, 640, 3224957, 4, 951380
1522534575, 641, 1511855, 2, 866643
1522534576, 642, 437643, 0, 720862
1522534581, 643, 3688570, 5, 854110
1522534583, 644, 1000535, 1, 659775
1522534585, 645, 1000535, 1, 603909
1522534587, 646, 1000535, 2, 506769
1522534588, 647, 951239, 1, 278146
1522534589, 648, 437643, 0, 960559
1522534591, 649, 437643, 1, 80175
1522534598, 650, 4919186, 7, 678824
1522534600, 651, 1087667, 1, 947642
1522534604, 652, 1615289, 3, 480633
1522534606, 653, 1278476, 1, 944999
1522534608, 654, 1000535, 2, 191849
1522534613, 655, 3688570, 5, 487624
1522534615, 656, 1000535, 1, 843920
1522534617, 657, 1000535, 2, 150064
1522534619, 658, 1278476, 2, 74705
1522534622, 659, 1278476, 2, 631865
1522534624, 660, 1000535, 1, 746718
1522534625, 661, 951239, 1, 324539
1522534627, 662, 1278476, 1, 901760
1522534632, 663, 3688570, 5, 48128
1522534634, 664, 1278476, 1, 644043
1522534635, 665, 1000535, 1, 750099
1522534640, 666, 3688570, 4, 914746
1522534643, 667, 1511855, 2, 968931
1522534649, 668, 3688570, 5, 321519
1522534651, 669, 1511855, 2, 418535
1522534653, 670, 1000535, 1, 523425
1522534654, 671, 951239, 1, 238351
1522534663, 672, 4919186, 8, 749604
1522534666, 673, 1615289, 3, 172130
1522534668, 674, 1000535, 2, 44983
1522534669, 675, 437643, 1, 131480
1522534670, 676, 1087667, 1, 226674
1522534673, 677, 1278476, 2, 571263
1522534675, 678, 951239, 2, 270821
1522534678, 679, 1278476, 2, 628357
1522534680, 680, 1615289, 2, 764260
1522534686, 681, 3224957, 6, 41661
1522534695, 682, 4919186, 8, 946906
1522534698, 683, 1511855, 2, 245260
1522534701, 684, 1615289, 3, 860154
1522534710, 685, 4919186, 8, 193125
1522534711, 686, 951239, 1, 635041
1522534713, 687, 1087667, 1, 847291
1522534716, 688, 1511855, 2, 555353
1522534718, 689, 1615289, 2, 346384
1522534720, 690, 1087667, 1, 953114
1522534727, 691, 3688570, 7, 370745
1522534730, 692, 1511855, 2, 969682
1522534733, 693, 1615289, 2, 666184
1522534735, 694, 1000535, 1, 870966
1522534737, 695, 951239, 1, 713173
1522534740, 696, 1615289, 3, 35748
1522534745, 697, 3224957, 5, 663020
1522534748, 698, 1000535, 2, 417075
1522534750, 699, 1087667, 2, 83251
1522534751, 700, 1087667, 1, 323528
1522534753, 701, 951239, 1, 535044
1522534754, 702, 1000535, 1, 843592
1522534757, 703, 1278476, 2, 150283
1522534759, 704, 951239, 1, 945042
1522534761, 705, 1087667, 2, 13320
1522534767, 706, 3224957, 6, 689755
1522534769, 707, 1087667, 1, 640590
1522534771, 708, 1000535, 2, 44116
1522534773, 709, 1278476, 2, 151596
1522534775, 710, 951239, 1, 593659
1522534781, 711, 3688570, 6, 190387
1522534788, 712, 4919186, 7, 72509
1522534793, 713, 3224957, 5, 397704
1522534797, 714, 1615289, 3, 211858
1522534798, 715, 1087667, 1, 607306
1522534801, 716, 1087667, 3, 84292
1522534809, 717, 4919186, 8, 83973
1522534816, 718, 4919186, 6, 860312
1522534823, 719, 4919186, 7, 269960
1522534826, 720, 1615289, 2, 44660
1522534832, 721, 3688570, 6, 181430
1522534834, 722, 1000535, 2, 10649
1522534839, 723, 3224957, 5, 44967
1522534841, 724, 1511855, 2, 704355
1522534846, 725, 3224957, 4, 995209
1522534848, 726, 1511855, 2, 21544
1522534851, 727, 1511855, 2, 33877
1522534852, 728, 1087667, 1, 819639
1522534858, 729, 3224957, 5, 747571
1522534863, 730, 3688570, 5, 32767
1522534866, 731, 1511855, 2, 490905
1522534867, 732, 1000535, 1, 656497
1522534869, 733, 951239, 1, 570460
1522534878, 734, 4919186, 8, 908432
1522534880, 735, 951239, 1, 920102
1522534882, 736, 951239, 2, 738062
1522534889, 737, 3224957, 6, 809081
1522534894, 738, 3224957, 4, 310537
1522534895, 739, 1000535, 1, 839545
1522534897, 740, 1000535, 1, 702381
1522534899, 741, 1000535, 2, 80184
1522534901, 742, 1000535, 2, 148121
1522534903, 743, 1087667, 1, 330726
1522534906, 744, 1087667, 2, 977355
1522534908, 745, 1000535, 1, 963977
1522534915, 746, 4919186, 7, 635570
1522534921, 747, 3688570, 5, 546824
1522534923, 748, 1615289, 2, 149826
1522534926, 749, 1511855, 2, 765262
1522534932, 750, 3688570, 5, 835554
1522534933, 751, 1087667, 1, 436774
1522534939, 752, 3224957, 6, 549167
1522534945, 753, 3688570, 5, 17175
1522534946, 754, 951239, 1, 544100
1522534949, 755, 1511855, 2, 859885
1522534952, 756, 1615289, 2, 848797
1522534960, 757, 4919186, 8, 209081
1522534963, 758, 1615289, 2, 564389
1522534965, 759, 1000535, 2, 353542
1522534967, 760, 1087667, 1, 978945
1522534969, 761, 1278476, 2, 111921
1522534972, 762, 1278476, 2, 969349
1522534974, 763, 1087667, 1, 651915
1522534974, 764, 437643, 0, 515626
1522534977, 765, 1511855, 2, 950329
1522534983, 766, 3224957, 6, 41339
1522534990, 767, 3688570, 6, 460581
1522534998, 768, 4919186, 8, 491174
1522534999, 769, 437643, 1, 21554
1522535003, 770, 1615289, 3, 794201
1522535006, 771, 1511855, 2, 666920
1522535012, 772, 3688570, 6, 465948
1522535017, 773, 3688570, 4, 643974
1522535019, 774, 1278476, 1, 984624
1522535020, 775, 1000535, 1, 388288
1522535022, 776, 1000535, 2, 298502
1522535025, 777, 1615289, 3, 154519
1522535027, 778, 951239, 1, 964460
1522535035, 779, 4919186, 7, 84132
1522535036, 780, 951239, 1, 928575
1522535043, 781, 3688570, 6, 64765
1522535044, 782, 1000535, 1, 197877
1522535045, 783, 1087667, 1, 740705
1522535048, 784, 1511855, 2, 763811
1522535049, 785, 437643, 0, 511895
1522535051, 786, 1615289, 2, 456940
1522535053, 787, 437643, 1, 331340
1522535060, 788, 4919186, 7, 269701
1522535066, 789, 3688570, 6, 246020
1522535068, 790, 1278476, 1, 740604
1522535073, 791, 3688570, 5, 529283
1522535074, 792, 437643, 0, 613707
1522535076, 793, 1615289, 2, 457141
1522535078, 794, 1278476, 1, 740718
1522535080, 795, 1511855, 2, 125350
1522535082, 796, 1000535, 1, 765610
1522535084, 797, 1000535, 1, 841767
1522535087, 798, 1615289, 3, 378960
1522535091, 799, 1615289, 3, 277068
1522535094, 800, 1511855, 3, 70908
1522535100, 801, 3224957, 6, 143395
1522535103, 802, 1511855, 3, 81668
1522535104, 803, 437643, 1, 219323
1522535107, 804, 1087667, 2, 973920
1522535108, 805, 437643, 0, 545071
1522535114, 806, 3224957, 6, 728461
1522535116, 807, 1000535, 1, 731693
1522535118, 808, 1000535, 1, 534614
1522535120, 809, 1087667, 2, 457961
1522535127, 810, 4919186, 7, 64405
1522535132, 811, 3224957, 4, 648812
1522535135, 812, 1615289, 2, 825834
1522535138, 813, 1615289, 3, 279119
1522535143, 814, 3224957, 5, 117139
1522535145, 815, 951239, 1, 856042
1522535153, 816, 4919186, 8, 177858
1522535155, 817, 1615289, 2, 48616
1522535161, 818, 3224957, 6, 265150
1522535163, 819, 1000535, 1, 723973
1522535166, 820, 1087667, 2, 836131
1522535169, 821, 1278476, 2, 702689
1522535171, 822, 951239, 2, 347541
1522535175, 823, 3224957, 4, 395540
1522535183, 824, 3688570, 7, 372930
1522535184, 825, 1000535, 1, 535982
1522535187, 826, 951239, 2, 663152
1522535190, 827, 1615289, 2, 762631
1522535198, 828, 4919186, 8, 602795
1522535200, 829, 1000535, 1, 535872
1522535201, 830, 951239, 1, 439279
1522535204, 831, 1615289, 2, 858851
1522535206, 832, 951239, 2, 84575
1522535207, 833, 1087667, 1, 291648
1522535209, 834, 1000535, 1, 536807
1522535211, 835, 1615289, 2, 457260
1522535213, 836, 1000535, 1, 844531
1522535216, 837, 1087667, 2, 763753
1522535218, 838, 1278476, 2, 147707
1522535220, 839, 1000535, 1, 945307
1522535222, 840, 1000535, 1, 374869
1522535228, 841, 3224957, 6, 304234
1522535230, 842, 1511855, 2, 563390
1522535232, 843, 1087667, 1, 636155
1522535241, 844, 4919186, 8, 704399
1522535243, 845, 1615289, 2, 659441
1522535246, 846, 1000535, 2, 357635
1522535247, 847, 1000535, 1, 430082
1522535251, 848, 3224957, 4, 101554
1522535253, 849, 1000535, 1, 532250
1522535256, 850, 1511855, 2, 966392
1522535263, 851, 3688570, 6, 860876
1522535271, 852, 4919186, 8, 806195
1522535273, 853, 1000535, 1, 432968
1522535281, 854, 3224957, 7, 885364
1522535283, 855, 1278476, 1, 842109
1522535285, 856, 1278476, 2, 570049
1522535288, 857, 1615289, 2, 651133
1522535290, 858, 951239, 1, 945421
1522535291, 859, 1000535, 1, 432816
1522535293, 860, 1000535, 2, 252322
1522535296, 861, 1000535, 2, 215121
1522535298, 862, 1000535, 2, 645150
1522535307, 863, 4919186, 8, 246059
1522535310, 864, 1511855, 3, 379105
1522535312, 865, 1087667, 1, 910756
1522535317, 866, 3224957, 5, 153793
1522535318, 867, 437643, 0, 537394
1522535326, 868, 4919186, 7, 961164
1522535331, 869, 3224957, 5, 17002
1522535333, 870, 1000535, 1, 947214
1522535338, 871, 3224957, 5, 322992
1522535339, 872, 1000535, 1, 534477
1522535348, 873, 3688570, 8, 703741
1522535350, 874, 1000535, 1, 638235
1522535351, 875, 1278476, 1, 731961
1522535354, 876, 1278476, 2, 832710
1522535357, 877, 1615289, 3, 116507
1522535367, 878, 4919186, 9, 407087
1522535369, 879, 1087667, 2, 468485
1522535371, 880, 1278476, 1, 739588
1522535377, 881, 3224957, 6, 143786
1522535384, 882, 4919186, 7, 269864
1522535386, 883, 1000535, 1, 876745
1522535389, 884, 1087667, 2, 935033
1522535390, 885, 437643, 0, 614443
1522535392, 886, 1278476, 1, 843604
1522535396, 887, 1615289, 4, 606411
1522535400, 888, 1511855, 3, 388792
1522535401, 889, 951239, 1, 633957
1522535403, 890, 951239, 2, 41760
1522535405, 891, 1000535, 1, 535737
1522535407, 892, 1087667, 2, 51582
1522535409, 893, 1511855, 2, 268424
1522535413, 894, 1278476, 3, 359390
1522535420, 895, 4919186, 7, 382919
1522535428, 896, 3224957, 7, 668882
1522535435, 897, 4919186, 6, 962580
1522535440, 898, 3688570, 5, 839330
1522535443, 899, 951239, 2, 249708
1522535445, 900, 1087667, 2, 662127
1522535452, 901, 3688570, 6, 245710
1522535456, 902, 3224957, 4, 891473
1522535459, 903, 1000535, 2, 71448
1522535464, 904, 3224957, 5, 426187
1522535470, 905, 3224957, 5, 735770
1522535471, 906, 1000535, 1, 636589
1522535474, 907, 1511855, 2, 866957
1522535477, 908, 1615289, 3, 276412
1522535481, 909, 1511855, 3, 685884
1522535483, 910, 1000535, 1, 947400
1522535485, 911, 1000535, 1, 943052
1522535487, 912, 951239, 1, 590835
1522535489, 913, 1000535, 2, 94742
1522535491, 914, 1000535, 2, 47560
1522535493, 915, 951239, 2, 150164
1522535495, 916, 1000535, 1, 740221
1522535504, 917, 4919186, 9, 625618
1522535506, 918, 1000535, 1, 440332
1522535512, 919, 3224957, 5, 995798
1522535514, 920, 1511855, 2, 85329
1522535516, 921, 951239, 1, 947460
1522535518, 922, 1000535, 2, 49769
1522535525, 923, 4919186, 7, 470345
1522535527, 924, 951239, 1, 559536
1522535529, 925, 1511855, 2, 331098
1522535532, 926, 1000535, 2, 355409
1522535533, 927, 1000535, 1, 230468
1522535536, 928, 1615289, 3, 68133
1522535538, 929, 1278476, 2, 67075
1522535540, 930, 951239, 2, 234900
1522535542, 931, 1615289, 2, 253134
1522535544, 932, 1000535, 1, 740358
1522535552, 933, 4919186, 8, 291627
1522535555, 934, 1511855, 2, 866957
1522535557, 935, 1000535, 1, 519014
1522535558, 936, 1000535, 1, 349340
1522535564, 937, 3688570, 5, 938741
1522535566, 938, 1278476, 1, 942896
1522535568, 939, 1087667, 1, 845282
1522535570, 940, 951239, 1, 826729
1522535573, 941, 1615289, 2, 880544
1522535581, 942, 4919186, 8, 93557
1522535587, 943, 3688570, 6, 343382
1522535588, 944, 437643, 0, 570070
1522535590, 945, 1087667, 2, 398957
1522535592, 946, 951239, 1, 535297
1522535594, 947, 1000535, 1, 944934
1522535595, 948, 437643, 1, 330665
1522535600, 949, 3224957, 5, 222144
1522535605, 950, 3688570, 5, 222815
1522535612, 951, 4919186, 6, 963477
1522535614, 952, 1087667, 1, 330694
1522535614, 953, 437643, 0, 612952
1522535616, 954, 951239, 1, 537421
1522535619, 955, 1511855, 3, 72268
1522535620, 956, 1278476, 1, 637173
1522535624, 957, 1615289, 3, 165604
1522535626, 958, 951239, 1, 973764
1522535627, 959, 951239, 1, 616767
1522535629, 960, 1511855, 2, 45731
1522535631, 961, 1087667, 1, 945335
1522535633, 962, 1087667, 1, 944772
1522535636, 963, 1000535, 2, 410821
1522535639, 964, 1511855, 3, 20229
1522535644, 965, 3688570, 5, 422517
1522535646, 966, 1278476, 1, 842834
1522535648, 967, 1087667, 1, 944255
1522535650, 968, 1000535, 1, 740287
1522535651, 969, 1278476, 1, 740415
1522535652, 970, 437643, 0, 615299
1522535655, 971, 1615289, 3, 378461
1522535657, 972, 951239, 1, 944020
1522535660, 973, 1511855, 2, 866977
1522535666, 974, 3224957, 5, 633853
1522535668, 975, 1511855, 2, 250228
1522535672, 976, 3224957, 4, 243413
1522535680, 977, 4919186, 7, 943933
1522535685, 978, 3224957, 5, 219842
1522535692, 979, 4919186, 7, 67867
1522535694, 980, 951239, 1, 533627
1522535696, 981, 1087667, 1, 638950
1522535697, 982, 951239, 1, 126816
1522535699, 983, 1278476, 2, 161768
1522535705, 984, 3224957, 6, 230678
1522535707, 985, 951239, 1, 740425
1522535714, 986, 4919186, 7, 97484
1522535716, 987, 1615289, 2, 427666
1522535723, 988, 4919186, 6, 857567
1522535729, 989, 3688570, 5, 738340
1522535735, 990, 3224957, 5, 832231
1522535740, 991, 3224957, 4, 914538
1522535743, 992, 951239, 3, 76415
1522535749, 993, 3688570, 6, 343597
1522535751, 994, 951239, 1, 536329
1522535753, 995, 951239, 1, 949652
1522535757, 996, 3688570, 4, 675551
1522535759, 997, 1087667, 1, 605140
1522535764, 998, 3224957, 5, 386246
1522535767, 999, 1615289, 2, 764510
1522535775, 1000, 4919186, 7, 884719
1522535777, 1001, 1615289, 2, 454003
1522535783, 1002, 3224957, 5, 224759
1522535784, 1003, 1278476, 1, 843232
1522535787, 1004, 1511855, 2, 772834
1522535789, 1005, 1087667, 2, 58183
1522535795, 1006, 3688570, 5, 407971
1522535801, 1007, 3688570, 6, 245590
1522535802, 1008, 1000535, 1, 494074
1522535805, 1009, 951239, 2, 703795
1522535807, 1010, 1000535, 1, 639685
1522535809, 1011, 437643, 2, 46283
1522535812, 1012, 1511855, 2, 868071
1522535814, 1013, 1278476, 2, 730255
1522535815, 1014, 437643, 0, 646805
1522535817, 1015, 1000535, 1, 842396
1522535820, 1016, 1511855, 2, 662223
1522535828, 1017, 4919186, 8, 64569
1522535829, 1018, 1087667, 1, 253496
1522535831, 1019, 1278476, 2, 559203
1522535833, 1020, 951239, 1, 842984
1522535839, 1021, 3224957, 5, 939084
1522535844, 1022, 3688570, 5, 119404
1522535846, 1023, 1000535, 1, 638694
1522535848, 1024, 1000535, 2, 46870
1522535851, 1025, 1615289, 3, 71234
1522535852, 1026, 437643, 0, 536373
1522535853, 1027, 1000535, 1, 613699
1522535857, 1028, 1615289, 3, 378175
1522535864, 1029, 4919186, 7, 679760
1522535866, 1030, 1000535, 1, 844445
1522535872, 1031, 3688570, 5, 425445
1522535874, 1032, 1511855, 1, 932218
1522535875, 1033, 951239, 1, 651494
1522535878, 1034, 1511855, 2, 661721
1522535880, 1035, 1615289, 2, 457519
1522535883, 1036, 1511855, 3, 74504
1522535884, 1037, 437643, 1, 23089
1522535886, 1038, 951239, 1, 635116
1522535888, 1039, 951239, 1, 842778
1522535890, 1040, 1087667, 1, 945571
1522535893, 1041, 1087667, 2, 968945
1522535894, 1042, 1000535, 1, 436012
1522535898, 1043, 1278476, 3, 954410
1522535901, 1044, 1511855, 2, 288416
1522535904, 1045, 1615289, 3, 173898
1522535909, 1046, 3224957, 5, 621003
1522535911, 1047, 1000535, 1, 648884
1522535920, 1048, 4919186, 9, 113189
1522535922, 1049, 1087667, 1, 740823
1522535928, 1050, 3224957, 5, 835736
1522535930, 1051, 1000535, 2, 457741
1522535933, 1052, 1615289, 2, 559360
1522535935, 1053, 1615289, 2, 457030
1522535941, 1054, 3688570, 6, 42276
1522535943, 1055, 437643, 1, 535744
1522535943, 1056, 437643, 0, 716244
1522535945, 1057, 1000535, 1, 741078
1522535950, 1058, 3688570, 4, 913917
1522535956, 1059, 3224957, 5, 427162
1522535957, 1060, 1000535, 1, 944753
1522535962, 1061, 3224957, 5, 19779
1522535965, 1062, 1615289, 2, 863881
1522535974, 1063, 4919186, 8, 703747
1522535981, 1064, 4919186, 7, 65489
1522535988, 1065, 4919186, 6, 555910
1522535989, 1066, 951239, 1, 490932
1522535995, 1067, 3224957, 5, 406000
1522535996, 1068, 1511855, 1, 902370
1522535999, 1069, 1615289, 2, 871797
1522536001, 1070, 1000535, 1, 943606
1522536003, 1071, 1000535, 1, 432471
1522536005, 1072, 1278476, 2, 457146
1522536010, 1073, 3224957, 4, 915062
1522536018, 1074, 4919186, 7, 494342
1522536019, 1075, 1000535, 1, 707661
1522536021, 1076, 951239, 2, 47039
1522536023, 1077, 1000535, 2, 61781
1522536024, 1078, 437643, 0, 819401
1522536026, 1079, 1087667, 2, 150485
1522536029, 1080, 1087667, 2, 251090
1522536030, 1081, 1000535, 1, 638105
1522536032, 1082, 951239, 1, 785759
1522536038, 1083, 3688570, 5, 988780
1522536039, 1084, 437643, 1, 31400
1522536040, 1085, 1000535, 1, 434686
1522536042, 1086, 1278476, 1, 840638
1522536045, 1087, 1087667, 2, 458065
1522536047, 1088, 1000535, 1, 945426
1522536048, 1089, 1000535, 1, 387881
1522536053, 1090, 3224957, 5, 303183
1522536055, 1091, 951239, 1, 395840
1522536056, 1092, 1000535, 1, 535393
1522536058, 1093, 1000535, 2, 50494
1522536060, 1094, 1000535, 1, 532864
1522536067, 1095, 4919186, 7, 404782
1522536070, 1096, 1615289, 3, 141290
1522536072, 1097, 437643, 1, 129115
1522536073, 1098, 1000535, 1, 845614
1522536079, 1099, 3224957, 5, 830360
1522536081, 1100, 1087667, 1, 536063
1522536086, 1101, 3688570, 5, 427243
1522536089, 1102, 1087667, 2, 456698
1522536090, 1103, 1000535, 1, 536619
1522536094, 1104, 1615289, 3, 378906
1522536102, 1105, 4919186, 8, 190435
1522536107, 1106, 3224957, 4, 812061
1522536108, 1107, 1087667, 1, 432848
1522536111, 1108, 1511855, 3, 71471
1522536114, 1109, 1511855, 2, 662530
1522536116, 1110, 1000535, 2, 149771
1522536118, 1111, 1615289, 2, 149789
1522536125, 1112, 4919186, 6, 553294
1522536127, 1113, 1615289, 2, 150205
1522536132, 1114, 3224957, 5, 122751
1522536134, 1115, 1000535, 2, 249460
1522536135, 1116, 951239, 1, 228412
1522536141, 1117, 3224957, 5, 427122
1522536142, 1118, 437643, 1, 435127
1522536143, 1119, 437643, 0, 612695
1522536145, 1120, 951239, 2, 45789
1522536146, 1121, 1000535, 1, 535184
1522536147, 1122, 437643, 0, 613945
1522536149, 1123, 1000535, 1, 843085
1522536151, 1124, 1000535, 1, 945214
1522536154, 1125, 1511855, 2, 970039
1522536156, 1126, 1000535, 2, 354503
1522536158, 1127, 437643, 2, 47400
1522536165, 1128, 3688570, 6, 454087
1522536166, 1129, 1087667, 1, 740693
1522536168, 1130, 437643, 1, 634628
1522536169, 1131, 437643, 0, 552020
1522536172, 1132, 1615289, 3, 172415
1522536173, 1133, 1000535, 1, 292752
1522536178, 1134, 3688570, 4, 913998
1522536183, 1135, 3688570, 5, 428023
1522536186, 1136, 1615289, 2, 459817
1522536188, 1137, 1615289, 2, 350293
1522536191, 1138, 1615289, 2, 458444
1522536193, 1139, 1615289, 2, 51478
1522536195, 1140, 1278476, 2, 148431
1522536197, 1141, 1278476, 2, 555292
1522536199, 1142, 951239, 1, 842769
1522536202, 1143, 1087667, 2, 324127
1522536209, 1144, 4919186, 7, 710436
1522536216, 1145, 4919186, 6, 662229
1522536218, 1146, 1000535, 1, 839676
1522536221, 1147, 1511855, 2, 760991
1522536222, 1148, 437643, 0, 929365
1522536224, 1149, 1000535, 2, 347288
1522536226, 1150, 1087667, 2, 353622
1522536228, 1151, 951239, 1, 557411
1522536230, 1152, 1278476, 2, 25613
1522536230, 1153, 437643, 0, 533231
1522536232, 1154, 1615289, 2, 128411
1522536237, 1155, 3224957, 4, 915150
1522536240, 1156, 1511855, 2, 972578
1522536244, 1157, 1278476, 3, 161031
1522536250, 1158, 3688570, 6, 464026
1522536252, 1159, 1278476, 2, 145474
1522536255, 1160, 1511855, 2, 354604
1522536258, 1161, 1615289, 3, 505909
1522536260, 1162, 1000535, 1, 613777
1522536264, 1163, 1615289, 3, 890416
1522536265, 1164, 1087667, 1, 948318
1522536267, 1165, 1000535, 1, 327731
1522536272, 1166, 3224957, 5, 84162
1522536273, 1167, 437643, 0, 975968
1522536274, 1168, 951239, 1, 520183
1522536275, 1169, 437643, 0, 816555
1522536281, 1170, 3224957, 5, 732724
1522536282, 1171, 437643, 0, 614206
1522536284, 1172, 1615289, 2, 127303
1522536285, 1173, 1000535, 1, 767359
1522536289, 1174, 1615289, 3, 68165
1522536290, 1175, 951239, 1, 841607
1522536296, 1176, 3688570, 5, 529719
1522536298, 1177, 1511855, 2, 149979
1522536307, 1178, 4919186, 8, 601128
1522536307, 1179, 437643, 0, 613890
1522536309, 1180, 1278476, 2, 150348
1522536315, 1181, 3688570, 5, 531591
1522536317, 1182, 951239, 1, 844405
1522536322, 1183, 3688570, 5, 630490
1522536324, 1184, 1000535, 1, 636015
1522536326, 1185, 951239, 2, 132818
1522536328, 1186, 951239, 2, 270731
1522536330, 1187, 1000535, 1, 635716
1522536333, 1188, 1615289, 3, 72086
1522536340, 1189, 4919186, 7, 67976
1522536342, 1190, 1278476, 1, 912287
1522536347, 1191, 3688570, 5, 155445
1522536350, 1192, 1511855, 2, 451918
1522536357, 1193, 4919186, 7, 170508
1522536361, 1194, 1615289, 3, 990101
1522536364, 1195, 1278476, 2, 660525
1522536366, 1196, 1087667, 1, 946307
1522536368, 1197, 1511855, 2, 764428
1522536370, 1198, 1000535, 1, 534324
1522536373, 1199, 1278476, 2, 849951
1522536376, 1200, 951239, 3, 395574
1522536382, 1201, 3224957, 5, 760809
1522536384, 1202, 1511855, 1, 717163
1522536390, 1203, 3688570, 6, 861867
1522536399, 1204, 4919186, 8, 494815
1522536400, 1205, 1000535, 1, 537852
1522536406, 1206, 3688570, 5, 734892
1522536409, 1207, 1511855, 2, 352311
1522536411, 1208, 1511855, 2, 313765
1522536416, 1209, 3224957, 5, 56523
1522536417, 1210, 437643, 0, 614411
1522536419, 1211, 1615289, 2, 722727
1522536421, 1212, 951239, 1, 577009
1522536424, 1213, 1511855, 3, 481440
1522536426, 1214, 1000535, 1, 842693
1522536431, 1215, 3224957, 4, 711807
1522536433, 1216, 1511855, 2, 456555
1522536439, 1217, 3224957, 5, 938222
1522536442, 1218, 1615289, 2, 356796
1522536449, 1219, 4919186, 7, 373061
1522536451, 1220, 951239, 1, 737449
1522536452, 1221, 1087667, 1, 699014
1522536457, 1222, 3224957, 5, 61572
1522536459, 1223, 1000535, 1, 946312
1522536465, 1224, 3688570, 5, 731535
1522536468, 1225, 951239, 2, 660939
1522536470, 1226, 1511855, 2, 50257
1522536472, 1227, 1511855, 2, 389523
1522536478, 1228, 3688570, 5, 493118
1522536480, 1229, 1000535, 2, 564583
1522536482, 1230, 1000535, 1, 458772
1522536485, 1231, 1615289, 3, 348102
1522536490, 1232, 3688570, 5, 119794
1522536492, 1233, 951239, 1, 533625
1522536495, 1234, 1511855, 2, 764824
1522536497, 1235, 1278476, 2, 882031
1522536503, 1236, 3688570, 5, 932990
1522536505, 1237, 1278476, 1, 630330
1522536507, 1238, 1615289, 2, 147578
1522536516, 1239, 4919186, 8, 397036
1522536517, 1240, 1000535, 1, 811747
1522536520, 1241, 1087667, 2, 780844
1522536527, 1242, 4919186, 7, 79204
1522536530, 1243, 1511855, 2, 925388
1522536532, 1244, 1000535, 2, 197051
1522536538, 1245, 3224957, 5, 654505
1522536547, 1246, 4919186, 9, 88632
1522536554, 1247, 4919186, 6, 858637
1522536556, 1248, 1278476, 1, 743537
1522536563, 1249, 4919186, 7, 164320
1522536569, 1250, 4919186, 6, 655925
1522536574, 1251, 3224957, 4, 817830
1522536575, 1252, 437643, 0, 846121
1522536578, 1253, 1087667, 2, 952536
1522536580, 1254, 951239, 1, 929842
1522536586, 1255, 3224957, 5, 732309
1522536587, 1256, 1000535, 1, 227679
1522536590, 1257, 1511855, 3, 174068
1522536592, 1258, 1615289, 2, 39471
1522536595, 1259, 1000535, 2, 345374
1522536598, 1260, 1615289, 3, 395833
1522536600, 1261, 1615289, 2, 117801
1522536603, 1262, 1615289, 2, 594323
1522536609, 1263, 3688570, 6, 448087
1522536610, 1264, 437643, 0, 922631
1522536611, 1265, 1000535, 1, 431727
1522536615, 1266, 1615289, 3, 583782
1522536616, 1267, 437643, 1, 29082
1522536620, 1268, 1615289, 3, 488857
1522536622, 1269, 1278476, 2, 751255
1522536625, 1270, 1000535, 2, 252533
1522536633, 1271, 4919186, 8, 297591
1522536634, 1272, 1000535, 1, 536744
1522536637, 1273, 1511855, 2, 452616
1522536639, 1274, 951239, 1, 841092
1522536644, 1275, 3224957, 5, 222085
1522536652, 1276, 4919186, 7, 583779
1522536654, 1277, 1511855, 2, 252413
1522536657, 1278, 1087667, 2, 758194
1522536659, 1279, 1000535, 2, 254324
1522536661, 1280, 1087667, 2, 651853
1522536664, 1281, 1615289, 2, 464761
1522536670, 1282, 3688570, 5, 631599
1522536672, 1283, 1511855, 2, 54548
1522536673, 1284, 1087667, 1, 743284
1522536675, 1285, 951239, 1, 730601
1522536677, 1286, 1511855, 2, 354705
1522536680, 1287, 1087667, 2, 866948
1522536686, 1288, 3224957, 5, 222693
1522536686, 1289, 437643, 0, 716392
1522536689, 1290, 1511855, 2, 975403
1522536691, 1291, 1000535, 1, 944302
1522536696, 1292, 3224957, 5, 12905
1522536698, 1293, 1000535, 1, 636745
1522536700, 1294, 1615289, 2, 453541
1522536703, 1295, 1511855, 2, 328331
1522536704, 1296, 951239, 1, 872594
1522536707, 1297, 1278476, 2, 252413
1522536708, 1298, 437643, 1, 330948
1522536713, 1299, 3688570, 5, 325704
1522536715, 1300, 1278476, 1, 739214
1522536717, 1301, 1615289, 2, 48220
1522536719, 1302, 951239, 1, 841754
1522536721, 1303, 1087667, 2, 54632
1522536730, 1304, 4919186, 8, 902567
1522536732, 1305, 1000535, 1, 640240
1522536734, 1306, 1087667, 2, 351580
1522536736, 1307, 1511855, 1, 945597
1522536738, 1308, 1278476, 1, 826242
1522536740, 1309, 1000535, 2, 68310
1522536746, 1310, 3688570, 6, 550052
1522536752, 1311, 3688570, 5, 937001
1522536753, 1312, 437643, 0, 577037
1522536755, 1313, 1511855, 1, 777442
1522536757, 1314, 1087667, 2, 47902
1522536763, 1315, 3688570, 5, 844544
1522536769, 1316, 3224957, 6, 237328
1522536774, 1317, 3224957, 4, 812364
1522536775, 1318, 1000535, 1, 638055
1522536783, 1319, 4919186, 7, 986678
1522536785, 1320, 951239, 1, 740384
1522536792, 1321, 4919186, 6, 860181
1522536799, 1322, 4919186, 7, 626047
1522536804, 1323, 3688570, 5, 70810
1522536813, 1324, 4919186, 8, 80986
1522536815, 1325, 1278476, 2, 158312
1522536818, 1326, 1278476, 3, 275967
1522536820, 1327, 1511855, 2, 48286
1522536826, 1328, 3224957, 5, 688381
1522536826, 1329, 437643, 0, 555984
1522536832, 1330, 3688570, 5, 745608
1522536838, 1331, 3224957, 5, 517686
1522536845, 1332, 4919186, 7, 67056
1522536846, 1333, 1087667, 1, 637264
1522536849, 1334, 1278476, 2, 558337
1522536851, 1335, 1000535, 1, 853809
1522536858, 1336, 3688570, 7, 175634
1522536861, 1337, 1511855, 3, 257645
1522536869, 1338, 4919186, 7, 577964
1522536870, 1339, 951239, 1, 534581
1522536873, 1340, 951239, 2, 661740
1522536875, 1341, 1615289, 2, 150166
1522536878, 1342, 1278476, 2, 503924
1522536886, 1343, 4919186, 8, 349919
1522536888, 1344, 1278476, 2, 191487
1522536893, 1345, 3224957, 5, 385097
1522536894, 1346, 437643, 0, 524467
1522536901, 1347, 4919186, 6, 949843
1522536908, 1348, 4919186, 6, 671984
1522536910, 1349, 1511855, 1, 918149
1522536912, 1350, 1000535, 2, 58363
1522536920, 1351, 4919186, 7, 987611
1522536928, 1352, 4919186, 8, 248848
1522536930, 1353, 1615289, 2, 604146
1522536933, 1354, 1000535, 2, 865621
1522536935, 1355, 1278476, 1, 843837
1522536938, 1356, 1000535, 2, 665520
1522536941, 1357, 1511855, 3, 67552
1522536943, 1358, 1278476, 2, 150124
1522536946, 1359, 1615289, 2, 979601
1522536947, 1360, 951239, 1, 458589
1522536951, 1361, 1511855, 3, 343191
1522536954, 1362, 1511855, 3, 72175
1522536955, 1363, 1087667, 1, 566243
1522536962, 1364, 3688570, 6, 483402
1522536963, 1365, 1087667, 1, 368906
1522536964, 1366, 437643, 0, 614111
1522536969, 1367, 3224957, 5, 327849
1522536972, 1368, 1511855, 2, 658072
1522536978, 1369, 3688570, 5, 644625
1522536979, 1370, 437643, 1, 634678
1522536989, 1371, 4919186, 9, 351130
1522536994, 1372, 3224957, 5, 901174
1522536996, 1373, 1278476, 1, 679121
1522537001, 1374, 3224957, 5, 288295
1522537009, 1375, 4919186, 7, 173404
1522537014, 1376, 3224957, 5, 205548
1522537021, 1377, 4919186, 6, 871481
1522537024, 1378, 1615289, 3, 792851
1522537026, 1379, 1278476, 1, 935538
1522537028, 1380, 1000535, 1, 938938
1522537031, 1381, 1087667, 2, 468476
1522537035, 1382, 1511855, 4, 93962
1522537038, 1383, 1511855, 3, 167115
1522537040, 1384, 1000535, 2, 49642
1522537041, 1385, 1000535, 1, 328403
1522537043, 1386, 951239, 1, 841475
1522537047, 1387, 1278476, 3, 684477
1522537049, 1388, 1000535, 1, 535330
1522537050, 1389, 1087667, 1, 945309
1522537051, 1390, 437643, 0, 650445
1522537053, 1391, 437643, 1, 438384
1522537054, 1392, 437643, 1, 102750
1522537055, 1393, 1087667, 1, 824567
1522537059, 1394, 1615289, 3, 174038
1522537067, 1395, 4919186, 8, 806266
1522537075, 1396, 4919186, 7, 989436
1522537077, 1397, 951239, 1, 532607
1522537079, 1398, 951239, 1, 536749
1522537084, 1399, 3688570, 5, 959922
1522537086, 1400, 437643, 1, 117336
1522537088, 1401, 1278476, 2, 745197
1522537095, 1402, 3688570, 6, 420727
1522537096, 1403, 1000535, 1, 677795
1522537102, 1404, 3224957, 5, 754163
1522537108, 1405, 3688570, 6, 224427
1522537109, 1406, 437643, 0, 816384
1522537111, 1407, 1087667, 1, 335042
1522537117, 1408, 3688570, 5, 936144
1522537119, 1409, 1615289, 2, 148016
1522537121, 1410, 1511855, 2, 356056
1522537123, 1411, 1087667, 2, 458612
1522537126, 1412, 1511855, 2, 147361
1522537132, 1413, 3688570, 5, 940693
1522537134, 1414, 1511855, 2, 310346
1522537136, 1415, 1511855, 2, 92275
1522537139, 1416, 1615289, 2, 762089
1522537140, 1417, 1000535, 1, 434844
1522537142, 1418, 1087667, 2, 145839
1522537144, 1419, 1000535, 1, 957225
1522537152, 1420, 3688570, 7, 575325
1522537153, 1421, 951239, 1, 527895
1522537161, 1422, 3224957, 7, 335581
1522537164, 1423, 1615289, 2, 911267
1522537166, 1424, 1087667, 2, 142772
1522537168, 1425, 1087667, 1, 945204
1522537175, 1426, 4919186, 7, 385265
1522537177, 1427, 1000535, 1, 727479
1522537179, 1428, 1000535, 2, 354682
1522537181, 1429, 1278476, 2, 150900
1522537186, 1430, 3224957, 5, 153388
1522537188, 1431, 1000535, 1, 603299
1522537189, 1432, 437643, 0, 615214
1522537191, 1433, 1278476, 2, 558971
1522537193, 1434, 1087667, 1, 779488
1522537195, 1435, 1511855, 2, 119577
1522537198, 1436, 1511855, 2, 653068
1522537200, 1437, 1615289, 2, 148267
1522537202, 1438, 1087667, 1, 963455
1522537204, 1439, 1511855, 2, 552036
1522537206, 1440, 951239, 1, 944643
1522537209, 1441, 1278476, 2, 140074
1522537210, 1442, 951239, 1, 637960
1522537212, 1443, 951239, 1, 843473
1522537221, 1444, 4919186, 8, 816732
1522537227, 1445, 3224957, 5, 718325
1522537229, 1446, 1278476, 2, 52423
1522537231, 1447, 1278476, 2, 559110
1522537233, 1448, 1000535, 2, 244575
1522537241, 1449, 4919186, 7, 584539
1522537243, 1450, 1511855, 1, 946198
1522537251, 1451, 4919186, 7, 780698
1522537256, 1452, 3224957, 5, 438585
1522537257, 1453, 437643, 0, 919862
1522537260, 1454, 1278476, 2, 652251
1522537262, 1455, 1000535, 1, 909085
1522537264, 1456, 1087667, 2, 83252
1522537272, 1457, 4919186, 7, 782860
1522537277, 1458, 3224957, 5, 642158
1522537279, 1459, 951239, 1, 626619
1522537282, 1460, 1615289, 3, 125440
1522537287, 1461, 3688570, 5, 485050
1522537292, 1462, 3224957, 4, 908646
1522537301, 1463, 4919186, 8, 699822
1522537306, 1464, 3224957, 4, 618699
1522537312, 1465, 3688570, 6, 132988
1522537320, 1466, 4919186, 8, 536264
1522537323, 1467, 1278476, 2, 537710
1522537325, 1468, 1000535, 1, 894513
1522537326, 1469, 437643, 1, 159907
1522537327, 1470, 437643, 1, 17108
1522537329, 1471, 1000535, 2, 559173
1522537333, 1472, 1615289, 3, 266875
1522537334, 1473, 951239, 1, 644018
1522537335, 1474, 437643, 0, 624770
1522537338, 1475, 1278476, 2, 885444
1522537340, 1476, 1278476, 2, 236399
1522537341, 1477, 437643, 1, 20554
1522537343, 1478, 1615289, 1, 991742
1522537345, 1479, 1511855, 2, 1106
1522537348, 1480, 1615289, 2, 867058
1522537356, 1481, 4919186, 7, 679357
1522537357, 1482, 951239, 1, 638328
1522537360, 1483, 1087667, 2, 252985
1522537363, 1484, 1278476, 3, 276010
1522537365, 1485, 1000535, 2, 252899
1522537372, 1486, 4919186, 6, 552346
1522537373, 1487, 1000535, 1, 403716
1522537375, 1488, 1000535, 1, 974622
1522537377, 1489, 1278476, 2, 252705
1522537379, 1490, 951239, 1, 433556
1522537386, 1491, 3688570, 6, 859886
1522537388, 1492, 1615289, 2, 21014
1522537390, 1493, 1000535, 2, 74504
1522537392, 1494, 1000535, 1, 945128
1522537393, 1495, 1278476, 1, 843924
1522537395, 1496, 1000535, 1, 603690
1522537397, 1497, 1087667, 1, 466589
1522537399, 1498, 1615289, 2, 880431
1522537402, 1499, 1087667, 2, 243648
1522537402, 1500, 437643, 0, 611915
1522537404, 1501, 1511855, 1, 942614
1522537406, 1502, 437643, 1, 433023
1522537414, 1503, 4919186, 8, 603872
1522537416, 1504, 1000535, 1, 738890
1522537418, 1505, 1087667, 1, 594980
1522537419, 1506, 1000535, 1, 679767
1522537421, 1507, 1087667, 1, 586065
1522537427, 1508, 3224957, 6, 298491
1522537429, 1509, 1000535, 1, 944529
1522537431, 1510, 1087667, 2, 253712
1522537433, 1511, 1087667, 1, 944185
1522537434, 1512, 437643, 0, 553798
1522537436, 1513, 1278476, 2, 5155
1522537438, 1514, 1000535, 1, 945736
1522537440, 1515, 1511855, 2, 469602
1522537442, 1516, 1615289, 2, 140309
1522537445, 1517, 1278476, 2, 152471
1522537445, 1518, 437643, 0, 709983
1522537451, 1519, 3224957, 5, 836247
1522537454, 1520, 1615289, 2, 457328
1522537455, 1521, 1087667, 1, 637963
1522537457, 1522, 1278476, 1, 946010
1522537461, 1523, 1511855, 4, 210195
1522537464, 1524, 1278476, 2, 136409
1522537468, 1525, 1615289, 3, 993229
1522537471, 1526, 1615289, 2, 973292
1522537472, 1527, 951239, 1, 330175
1522537474, 1528, 1278476, 2, 453808
1522537478, 1529, 1615289, 3, 438570
1522537479, 1530, 951239, 1, 680940
1522537481, 1531, 1000535, 1, 505422
1522537490, 1532, 4919186, 9, 347664
1522537492, 1533, 1000535, 2, 48562
1522537496, 1534, 1278476, 3, 275839
1522537496, 1535, 437643, 0, 528361
1522537498, 1536, 1511855, 2, 133388
1522537501, 1537, 1511855, 2, 457378
1522537502, 1538, 1000535, 1, 433153
1522537504, 1539, 1000535, 1, 944706
1522537506, 1540, 1000535, 2, 318773
1522537509, 1541, 1278476, 2, 902927
1522537510, 1542, 437643, 0, 615422
1522537518, 1543, 4919186, 7, 781260
1522537520, 1544, 1278476, 1, 842665
1522537525, 1545, 3224957, 5, 939527
1522537526, 1546, 437643, 0, 561192
1522537528, 1547, 951239, 1, 586771
1522537533, 1548, 3224957, 5, 734085
1522537535, 1549, 951239, 1, 638419
1522537537, 1550, 1000535, 1, 535689
1522537538, 1551, 1000535, 1, 842852
1522537541, 1552, 1000535, 2, 149443
1522537543, 1553, 1000535, 2, 48754
1522537545, 1554, 1278476, 2, 456114
1522537546, 1555, 437643, 0, 614114
1522537547, 1556, 1278476, 1, 740627
1522537549, 1557, 1087667, 2, 62254
1522537552, 1558, 951239, 2, 340587
1522537555, 1559, 1511855, 2, 902415
1522537557, 1560, 1511855, 2, 728955
1522537559, 1561, 1000535, 1, 549429
1522537566, 1562, 3224957, 6, 555617
1522537571, 1563, 3224957, 5, 615487
1522537573, 1564, 1000535, 1, 637358
1522537575, 1565, 1087667, 2, 152056
1522537577, 1566, 1511855, 2, 469415
1522537580, 1567, 1278476, 2, 340530
1522537581, 1568, 437643, 1, 535227
1522537589, 1569, 4919186, 8, 93708
1522537592, 1570, 1000535, 2, 162521
1522537594, 1571, 1511855, 2, 439387
1522537596, 1572, 1087667, 1, 945685
1522537597, 1573, 437643, 0, 614655
1522537598, 1574, 1000535, 1, 740200
1522537605, 1575, 3688570, 6, 860544
1522537608, 1576, 1278476, 3, 276092
1522537610, 1577, 1000535, 2, 47945
1522537612, 1578, 1000535, 1, 637403
1522537613, 1579, 437643, 1, 23638
1522537615, 1580, 1000535, 1, 843160
1522537617, 1581, 1000535, 1, 636825
1522537622, 1582, 3688570, 5, 631642
1522537629, 1583, 3688570, 6, 247289
1522537632, 1584, 1511855, 3, 685562
1522537635, 1585, 1278476, 2, 558782
1522537636, 1586, 951239, 1, 536420
1522537639, 1587, 1511855, 2, 561379
1522537641, 1588, 1000535, 1, 751274
1522537643, 1589, 1000535, 2, 34873
1522537650, 1590, 4919186, 7, 182165
1522537656, 1591, 3224957, 6, 26507
1522537661, 1592, 3688570, 5, 325480
1522537663, 1593, 1615289, 2, 50557
1522537664, 1594, 437643, 0, 611330
1522537667, 1595, 1278476, 3, 377457
1522537672, 1596, 3224957, 5, 119424
1522537674, 1597, 1511855, 2, 48628
1522537676, 1598, 1000535, 2, 48034
1522537678, 1599, 1000535, 1, 533300
1522537680, 1600, 1000535, 1, 828221
1522537688, 1601, 4919186, 8, 308541
1522537690, 1602, 1511855, 1, 579288
1522537691, 1603, 1000535, 1, 697088
1522537693, 1604, 951239, 1, 333158
1522537696, 1605, 1615289, 3, 708291
1522537703, 1606, 3224957, 6, 222758
1522537705, 1607, 1615289, 2, 149970
1522537707, 1608, 1000535, 2, 48811
1522537710, 1609, 1615289, 2, 762100
1522537712, 1610, 1000535, 2, 241023
1522537714, 1611, 1511855, 1, 754106
1522537715, 1612, 951239, 1, 536111
1522537717, 1613, 1278476, 1, 945004
1522537720, 1614, 1615289, 2, 762437
1522537726, 1615, 3224957, 5, 957001
1522537731, 1616, 3224957, 4, 895546
1522537733, 1617, 1511855, 1, 947811
1522537740, 1618, 4919186, 7, 372435
1522537742, 1619, 1278476, 1, 985695
1522537743, 1620, 1000535, 1, 287257
1522537745, 1621, 1615289, 2, 48536
1522537748, 1622, 1511855, 2, 663242
1522537754, 1623, 3688570, 6, 146695
1522537756, 1624, 1511855, 2, 253415
1522537762, 1625, 3224957, 5, 933063
1522537767, 1626, 3224957, 4, 814247
1522537772, 1627, 3688570, 4, 924923
1522537774, 1628, 1278476, 1, 728206
1522537776, 1629, 1278476, 2, 208066
1522537778, 1630, 951239, 2, 193711
1522537780, 1631, 1000535, 1, 899797
1522537786, 1632, 3688570, 5, 969846
1522537792, 1633, 3688570, 5, 953489
1522537800, 1634, 4919186, 7, 780559
1522537801, 1635, 951239, 1, 264552
1522537803, 1636, 1278476, 2, 216742
1522537806, 1637, 1087667, 2, 460316
1522537808, 1638, 1511855, 2, 453928
1522537810, 1639, 951239, 1, 793765
1522537812, 1640, 1511855, 2, 404700
1522537818, 1641, 3224957, 5, 307374
1522537821, 1642, 951239, 2, 791794
1522537822, 1643, 1000535, 1, 730023
1522537825, 1644, 1278476, 2, 744738
1522537829, 1645, 3224957, 4, 113627
1522537832, 1646, 1615289, 3, 65618
1522537835, 1647, 1511855, 3, 77769
1522537842, 1648, 4919186, 7, 167836
1522537844, 1649, 951239, 1, 740542
1522537847, 1650, 1511855, 2, 763917
1522537850, 1651, 1511855, 2, 969221
1522537853, 1652, 1278476, 2, 969834
1522537855, 1653, 1000535, 1, 743365
1522537860, 1654, 3688570, 5, 833100
1522537862, 1655, 1511855, 1, 945042
1522537865, 1656, 1511855, 2, 204955
1522537866, 1657, 1000535, 1, 595646
1522537869, 1658, 1000535, 2, 343689
1522537872, 1659, 1615289, 3, 175697
1522537874, 1660, 1278476, 2, 43730
1522537876, 1661, 1000535, 1, 886382
1522537877, 1662, 1000535, 1, 185170
1522537880, 1663, 1615289, 2, 869669
1522537880, 1664, 437643, 0, 537753
1522537886, 1665, 3688570, 5, 501685
1522537887, 1666, 437643, 1, 431723
1522537890, 1667, 1511855, 2, 354567
1522537892, 1668, 1278476, 2, 399094
1522537894, 1669, 1615289, 2, 6043
1522537896, 1670, 1278476, 2, 147362
1522537898, 1671, 1087667, 1, 619684
1522537898, 1672, 437643, 0, 631500
1522537901, 1673, 1511855, 2, 987493
1522537903, 1674, 1087667, 1, 831142
1522537906, 1675, 1511855, 3, 83558
1522537911, 1676, 3224957, 5, 240951
1522537914, 1677, 1511855, 2, 216336
1522537915, 1678, 437643, 0, 996544
1522537916, 1679, 1087667, 1, 664979
1522537919, 1680, 1615289, 2, 866661
1522537921, 1681, 1000535, 1, 644029
1522537928, 1682, 3688570, 7, 263075
1522537930, 1683, 1511855, 2, 253536
1522537932, 1684, 1000535, 1, 534575
1522537934, 1685, 1278476, 2, 150041
1522537937, 1686, 1615289, 2, 442526
1522537941, 1687, 3224957, 4, 929535
1522537943, 1688, 1278476, 2, 47582
1522537945, 1689, 1000535, 1, 535297
1522537950, 1690, 3688570, 4, 914874
1522537952, 1691, 951239, 1, 599626
1522537957, 1692, 3688570, 5, 162044
1522537966, 1693, 4919186, 9, 7706
1522537967, 1694, 1000535, 1, 611711
1522537973, 1695, 3688570, 5, 349836
1522537974, 1696, 437643, 1, 335745
1522537976, 1697, 1000535, 1, 944609
1522537978, 1698, 951239, 1, 903045
1522537984, 1699, 3688570, 5, 669234
1522537986, 1700, 1615289, 2, 149374
1522537987, 1701, 1087667, 1, 761094
1522537990, 1702, 1615289, 2, 641687
1522537992, 1703, 951239, 1, 536874
1522537999, 1704, 4919186, 7, 166318
1522538000, 1705, 1000535, 1, 126997
1522538006, 1706, 3688570, 5, 853036
1522538007, 1707, 951239, 1, 729446
1522538008, 1708, 437643, 0, 605976
1522538010, 1709, 1087667, 1, 536044
1522538010, 1710, 437643, 0, 614026
1522538012, 1711, 1278476, 2, 149748
1522538015, 1712, 1000535, 2, 464663
1522538017, 1713, 1278476, 2, 259505
1522538019, 1714, 1000535, 1, 931006
1522538022, 1715, 1511855, 3, 72122
1522538025, 1716, 1511855, 2, 771327
1522538031, 1717, 3688570, 6, 239039
1522538033, 1718, 1000535, 1, 740781
1522538038, 1719, 3224957, 5, 103513
1522538040, 1720, 1615289, 1, 959943
1522538047, 1721, 4919186, 7, 191315
1522538050, 1722, 1278476, 2, 434062
1522538054, 1723, 3224957, 4, 823769
1522538059, 1724, 3224957, 4, 612059
1522538061, 1725, 951239, 1, 520199
1522538062, 1726, 437643, 1, 126143
1522538071, 1727, 4919186, 8, 857112
1522538072, 1728, 1511855, 1, 690917
1522538075, 1729, 1615289, 2, 873525
1522538083, 1730, 4919186, 7, 464638
1522538083, 1731, 437643, 0, 528495
1522538085, 1732, 1000535, 1, 833962
1522538087, 1733, 1000535, 2, 244296
1522538089, 1734, 951239, 2, 258364
1522538091, 1735, 1087667, 1, 632272
1522538093, 1736, 1087667, 2, 255397
1522538096, 1737, 1278476, 2, 593238
1522538104, 1738, 3688570, 7, 642803
1522538106, 1739, 1000535, 2, 578156
1522538112, 1740, 3688570, 6, 329874
1522538119, 1741, 3688570, 6, 144886
1522538120, 1742, 951239, 1, 534429
1522538123, 1743, 1511855, 2, 766618
1522538123, 1744, 437643, 0, 611464
1522538124, 1745, 437643, 0, 921331
1522538129, 1746, 3224957, 4, 926125
1522538131, 1747, 1087667, 1, 967958
1522538132, 1748, 437643, 0, 599787
1522538138, 1749, 3688570, 5, 943945
1522538140, 1750, 1087667, 2, 636804
1522538142, 1751, 951239, 1, 945130
1522538144, 1752, 1000535, 1, 945578
1522538147, 1753, 1511855, 2, 354521
1522538155, 1754, 4919186, 7, 986948
1522538157, 1755, 1615289, 2, 151610
1522538159, 1756, 1087667, 2, 454839
1522538161, 1757, 1615289, 1, 969683
1522538169, 1758, 4919186, 7, 348327
1522538169, 1759, 437643, 0, 614570
1522538171, 1760, 1000535, 1, 637528
1522538173, 1761, 1278476, 2, 149592
1522538175, 1762, 1000535, 1, 945152
1522538176, 1763, 437643, 0, 921529
1522538183, 1764, 3688570, 7, 167631
1522538185, 1765, 1087667, 1, 637692
1522538190, 1766, 3224957, 5, 651379
1522538192, 1767, 1000535, 2, 27962
1522538194, 1768, 1000535, 1, 844287
1522538196, 1769, 1278476, 2, 46246
1522538198, 1770, 1087667, 2, 54900
1522538201, 1771, 1615289, 2, 470040
1522538210, 1772, 4919186, 8, 989913
1522538212, 1773, 1278476, 1, 967851
1522538220, 1774, 4919186, 8, 169851
1522538221, 1775, 1000535, 1, 367646
1522538223, 1776, 1000535, 1, 916810
1522538225, 1777, 1087667, 2, 252280
1522538228, 1778, 1615289, 2, 448350
1522538230, 1779, 1087667, 2, 47610
1522538233, 1780, 1511855, 3, 194739
1522538235, 1781, 1000535, 1, 575001
1522538237, 1782, 1511855, 2, 396972
1522538243, 1783, 3688570, 5, 427393
1522538248, 1784, 3688570, 5, 16350
1522538249, 1785, 951239, 1, 340675
1522538255, 1786, 3688570, 6, 543307
1522538257, 1787, 1278476, 1, 955185
1522538263, 1788, 3224957, 5, 569983
1522538271, 1789, 4919186, 7, 947496
1522538274, 1790, 1511855, 3, 267849
1522538276, 1791, 1087667, 1, 942208
1522538278, 1792, 1278476, 2, 151170
1522538286, 1793, 4919186, 7, 575588
1522538287, 1794, 437643, 0, 614479
1522538295, 1795, 4919186, 7, 989140
1522538296, 1796, 1511855, 1, 945935
1522538305, 1797, 4919186, 8, 393914
1522538313, 1798, 4919186, 7, 669330
1522538314, 1799, 951239, 1, 138024
1522538316, 1800, 951239, 2, 353101
1522538318, 1801, 1278476, 1, 979785
1522538322, 1802, 1615289, 3, 855725
1522538325, 1803, 1278476, 2, 968554
1522538332, 1804, 4919186, 7, 373629
1522538334, 1805, 437643, 1, 433884
1522538336, 1806, 951239, 2, 558221
1522538342, 1807, 3224957, 5, 514789
1522538344, 1808, 1511855, 2, 369833
1522538346, 1809, 951239, 1, 944237
1522538354, 1810, 4919186, 8, 191687
1522538356, 1811, 1000535, 1, 844112
1522538358, 1812, 951239, 1, 947052
1522538363, 1813, 3224957, 5, 79662
1522538371, 1814, 4919186, 7, 739916
1522538378, 1815, 3688570, 6, 836953
1522538379, 1816, 1278476, 1, 638430
1522538382, 1817, 1000535, 2, 464207
1522538387, 1818, 3224957, 5, 215825
1522538395, 1819, 4919186, 7, 595323
1522538396, 1820, 1000535, 1, 527217
1522538398, 1821, 1278476, 2, 91913
1522538400, 1822, 951239, 1, 990776
1522538403, 1823, 1511855, 2, 725958
1522538405, 1824, 1000535, 1, 676727
1522538406, 1825, 1000535, 1, 547059
1522538408, 1826, 1000535, 2, 356261
1522538411, 1827, 1000535, 2, 136201
1522538414, 1828, 1615289, 3, 176675
1522538417, 1829, 1511855, 2, 706193
1522538423, 1830, 3688570, 6, 200550
1522538425, 1831, 1511855, 1, 842627
1522538426, 1832, 1000535, 1, 545110
1522538428, 1833, 1000535, 1, 627274
1522538431, 1834, 1511855, 2, 869028
1522538433, 1835, 951239, 1, 949664
1522538438, 1836, 3224957, 5, 521929
1522538443, 1837, 3688570, 4, 601866
1522538445, 1838, 1087667, 2, 65836
1522538447, 1839, 1000535, 1, 944620
1522538449, 1840, 1087667, 2, 37467
1522538451, 1841, 1000535, 1, 841697
1522538453, 1842, 1615289, 2, 407679
1522538454, 1843, 437643, 0, 664584
1522538455, 1844, 437643, 1, 148619
1522538457, 1845, 951239, 1, 831449
1522538460, 1846, 1087667, 2, 956537
1522538463, 1847, 1511855, 2, 931297
1522538464, 1848, 951239, 1, 677904
1522538466, 1849, 1278476, 2, 58486
1522538469, 1850, 1000535, 2, 341964
1522538474, 1851, 3224957, 5, 221479
1522538477, 1852, 1615289, 2, 777616
1522538479, 1853, 1615289, 2, 445359
1522538480, 1854, 437643, 0, 817482
1522538487, 1855, 4919186, 7, 269971
1522538489, 1856, 951239, 1, 644957
1522538491, 1857, 1615289, 2, 347353
1522538493, 1858, 1615289, 2, 53445
1522538495, 1859, 1000535, 1, 380747
1522538496, 1860, 951239, 1, 582271
1522538502, 1861, 3688570, 5, 734583
1522538504, 1862, 1615289, 2, 560541
1522538511, 1863, 4919186, 7, 63785
1522538517, 1864, 3224957, 5, 837306
1522538519, 1865, 951239, 2, 162488
1522538523, 1866, 1615289, 3, 693937
1522538525, 1867, 1615289, 2, 123309
1522538533, 1868, 4919186, 7, 788073
1522538534, 1869, 437643, 0, 716507
1522538540, 1870, 3688570, 5, 938915
1522538542, 1871, 1615289, 2, 366131
1522538543, 1872, 437643, 1, 175568
1522538545, 1873, 951239, 1, 883168
1522538547, 1874, 951239, 1, 692578
1522538550, 1875, 1087667, 2, 966606
1522538551, 1876, 1000535, 1, 459377
1522538554, 1877, 1087667, 2, 698688
1522538556, 1878, 1000535, 1, 626278
1522538561, 1879, 3224957, 5, 635033
1522538563, 1880, 1278476, 2, 239412
1522538567, 1881, 1511855, 3, 81175
1522538569, 1882, 951239, 1, 945555
1522538576, 1883, 4919186, 7, 169615
1522538578, 1884, 1278476, 2, 206389
1522538580, 1885, 1278476, 1, 785013
1522538585, 1886, 3224957, 5, 235516
1522538592, 1887, 3688570, 7, 51041
1522538598, 1888, 3224957, 5, 629704
1522538600, 1889, 1278476, 2, 254250
1522538602, 1890, 1000535, 1, 639574
1522538606, 1891, 3224957, 4, 924839
1522538608, 1892, 1087667, 1, 815894
1522538611, 1893, 1000535, 2, 677330
1522538613, 1894, 1000535, 1, 738815
1522538615, 1895, 951239, 2, 164005
1522538622, 1896, 3688570, 6, 847358
1522538629, 1897, 4919186, 7, 371823
1522538631, 1898, 1000535, 1, 537662
1522538633, 1899, 1511855, 2, 149450
1522538634, 1900, 1000535, 1, 538730
1522538636, 1901, 1000535, 2, 226896
1522538639, 1902, 1087667, 2, 68538
1522538641, 1903, 1087667, 2, 380205
1522538643, 1904, 1000535, 2, 179078
1522538645, 1905, 1000535, 2, 203162
1522538647, 1906, 1087667, 1, 941116
1522538650, 1907, 1511855, 2, 784193
1522538654, 1908, 1511855, 3, 664360
1522538661, 1909, 4919186, 7, 686442
1522538663, 1910, 1000535, 1, 938958
1522538671, 1911, 4919186, 7, 283700
1522538672, 1912, 1000535, 1, 548016
1522538678, 1913, 3224957, 5, 707379
1522538681, 1914, 1511855, 3, 86423
1522538683, 1915, 1000535, 2, 84300
1522538686, 1916, 1615289, 2, 713364
1522538692, 1917, 3688570, 5, 953441
1522538700, 1918, 4919186, 8, 694562
1522538708, 1919, 4919186, 7, 215060
1522538709, 1920, 951239, 1, 481873
1522538711, 1921, 1087667, 2, 47968
1522538712, 1922, 437643, 1, 44920
1522538714, 1923, 1000535, 1, 877877
1522538716, 1924, 1000535, 2, 400536
1522538722, 1925, 3224957, 5, 340661
1522538724, 1926, 1000535, 1, 741402
1522538730, 1927, 3688570, 6, 638049
1522538732, 1928, 1000535, 1, 640743
1522538734, 1929, 1278476, 1, 942134
1522538738, 1930, 3224957, 4, 609318
1522538741, 1931, 1615289, 2, 249635
1522538742, 1932, 437643, 1, 242634
1522538744, 1933, 1278476, 2, 446456
1522538752, 1934, 4919186, 7, 888547
1522538758, 1935, 3688570, 5, 795749
1522538761, 1936, 1511855, 2, 592195
1522538762, 1937, 437643, 1, 293214
1522538765, 1938, 1615289, 2, 600477
1522538766, 1939, 1000535, 1, 456701
1522538769, 1940, 1278476, 3, 352034
1522538774, 1941, 3688570, 4, 608208
1522538778, 1942, 1511855, 3, 958089
1522538785, 1943, 3224957, 6, 792478
1522538787, 1944, 1615289, 2, 53428
1522538792, 1945, 3688570, 4, 861374
1522538793, 1946, 1278476, 1, 890602
1522538796, 1947, 1511855, 2, 164633
1522538797, 1948, 1000535, 1, 731251
1522538798, 1949, 437643, 0, 607906
1522538800, 1950, 1000535, 1, 641738
1522538805, 1951, 3688570, 5, 627978
1522538811, 1952, 3688570, 5, 529305
1522538818, 1953, 4919186, 7, 475250
1522538820, 1954, 1278476, 1, 740396
1522538822, 1955, 1000535, 1, 876940
1522538827, 1956, 3224957, 4, 982697
1522538829, 1957, 1278476, 2, 150670
1522538834, 1958, 3224957, 5, 323551
1522538835, 1959, 437643, 0, 716744
1522538836, 1960, 437643, 0, 980724
1522538839, 1961, 1511855, 2, 454461
1522538841, 1962, 1278476, 2, 297783
1522538848, 1963, 4919186, 7, 372409
1522538850, 1964, 951239, 1, 433537
1522538853, 1965, 1615289, 2, 902028
1522538855, 1966, 1000535, 2, 421534
1522538856, 1967, 1000535, 1, 433260
1522538859, 1968, 1511855, 3, 71253
1522538865, 1969, 3224957, 5, 324672
1522538867, 1970, 1087667, 1, 741018
1522538869, 1971, 1000535, 2, 457057
1522538871, 1972, 951239, 1, 637751
1522538875, 1973, 3224957, 4, 607697
1522538876, 1974, 437643, 0, 510223
1522538877, 1975, 1000535, 1, 641365
1522538879, 1976, 437643, 1, 303861
1522538884, 1977, 3688570, 5, 773886
1522538893, 1978, 4919186, 8, 278906
1522538895, 1979, 1278476, 1, 840518
1522538900, 1980, 3688570, 5, 531017
1522538902, 1981, 1087667, 1, 432753
1522538904, 1982, 1278476, 2, 457629
1522538906, 1983, 1087667, 2, 456711
1522538908, 1984, 1278476, 1, 842643
1522538910, 1985, 1278476, 1, 945088
1522538916, 1986, 3224957, 5, 616225
1522538921, 1987, 3224957, 5, 442808
1522538927, 1988, 3688570, 5, 919112
1522538929, 1989, 1615289, 1, 862235
1522538934, 1990, 3224957, 5, 119540
1522538936, 1991, 1511855, 1, 945085
1522538942, 1992, 3688570, 6, 144180
1522538947, 1993, 3224957, 4, 611365
1522538949, 1994, 1278476, 1, 736450
1522538949, 1995, 437643, 0, 613514
1522538950, 1996, 437643, 1, 30129
1522538953, 1997, 1511855, 2, 758249
1522538955, 1998, 951239, 1, 624081
1522538956, 1999, 1000535, 1, 651916
1522538958, 2000, 951239, 2, 150193
1522538960, 2001, 951239, 1, 827758
1522538968, 2002, 4919186, 7, 850395
1522538970, 2003, 1000535, 1, 481576
1522538975, 2004, 3688570, 5, 835817
1522538979, 2005, 1615289, 3, 686317
1522538981, 2006, 1087667, 2, 149720
1522538983, 2007, 1087667, 1, 740467
1522538986, 2008, 1511855, 3, 2423
1522538988, 2009, 1000535, 1, 706575
1522538988, 2010, 437643, 0, 614208
1522538992, 2011, 1615289, 3, 686520
1522538994, 2012, 1278476, 1, 849736
1522538996, 2013, 1087667, 2, 570681
1522538998, 2014, 1000535, 1, 519038
1522539000, 2015, 1278476, 2, 454871
1522539005, 2016, 3224957, 5, 10003
1522539012, 2017, 3688570, 6, 151880
1522539014, 2018, 1278476, 2, 605730
1522539017, 2019, 1615289, 2, 512227
1522539019, 2020, 951239, 1, 998811
1522539025, 2021, 3224957, 6, 266885
1522539027, 2022, 1511855, 1, 870213
1522539032, 2023, 3224957, 4, 826758
1522539040, 2024, 4919186, 7, 973323
1522539044, 2025, 3224957, 4, 607146
1522539046, 2026, 1000535, 1, 944755
1522539053, 2027, 4919186, 7, 270141
1522539056, 2028, 1615289, 2, 47708
1522539062, 2029, 4919186, 6, 227919
1522539068, 2030, 3224957, 6, 161769
1522539069, 2031, 1000535, 1, 534776
1522539075, 2032, 3688570, 5, 324417
1522539076, 2033, 1000535, 1, 640692
1522539078, 2034, 951239, 1, 635239
1522539080, 2035, 951239, 2, 150055
1522539084, 2036, 1615289, 3, 583857
1522539085, 2037, 1000535, 1, 536208
1522539086, 2038, 437643, 1, 23083
1522539088, 2039, 1000535, 2, 52992
1522539089, 2040, 437643, 0, 481647
1522539096, 2041, 4919186, 7, 192761
1522539098, 2042, 951239, 1, 843267
1522539100, 2043, 951239, 1, 909974
1522539102, 2044, 1000535, 1, 776640
1522539103, 2045, 1278476, 1, 761528
1522539106, 2046, 1000535, 2, 637419
1522539109, 2047, 1615289, 2, 764741
1522539111, 2048, 1087667, 2, 47456
1522539114, 2049, 1511855, 2, 872598
1522539119, 2050, 3224957, 4, 975370
1522539121, 2051, 1278476, 2, 83784
1522539123, 2052, 1087667, 1, 944988
1522539130, 2053, 4919186, 7, 269825
1522539131, 2054, 437643, 1, 126157
1522539138, 2055, 4919186, 7, 162216
1522539140, 2056, 1278476, 2, 155531
1522539142, 2057, 1000535, 1, 448295
1522539143, 2058, 951239, 1, 527346
1522539145, 2059, 1511855, 2, 43209
1522539147, 2060, 437643, 1, 435768
1522539152, 2061, 3688570, 5, 299477
1522539155, 2062, 1615289, 2, 932272
1522539162, 2063, 4919186, 6, 817046
1522539163, 2064, 1087667, 1, 435875
1522539166, 2065, 1511855, 2, 451669
1522539168, 2066, 1278476, 2, 562374
1522539170, 2067, 1087667, 1, 634839
1522539173, 2068, 1278476, 2, 559536
1522539179, 2069, 4919186, 6, 860800
1522539181, 2070, 1615289, 2, 47875
1522539183, 2071, 437643, 1, 23057
1522539188, 2072, 3688570, 5, 938863
1522539191, 2073, 1278476, 2, 457899
1522539195, 2074, 1615289, 3, 923109
1522539197, 2075, 1615289, 2, 321690
1522539200, 2076, 1000535, 2, 457617
1522539201, 2077, 1000535, 1, 594627
1522539204, 2078, 1000535, 2, 398009
1522539205, 2079, 1087667, 1, 642190
1522539208, 2080, 1615289, 2, 453027
1522539215, 2081, 4919186, 6, 861197
1522539216, 2082, 1278476, 1, 739916
1522539219, 2083, 1615289, 2, 560754
1522539221, 2084, 951239, 1, 843028
1522539223, 2085, 1087667, 2, 456467
1522539225, 2086, 1000535, 2, 46756
1522539233, 2087, 4919186, 7, 372775
1522539234, 2088, 951239, 1, 433415
1522539242, 2089, 4919186, 7, 782659
1522539247, 2090, 3688570, 5, 119410
1522539250, 2091, 1511855, 3, 76620
1522539253, 2092, 1000535, 2, 995449
1522539260, 2093, 4919186, 7, 135948
1522539262, 2094, 1087667, 1, 622126
1522539263, 2095, 1278476, 1, 528435
1522539264, 2096, 437643, 0, 638441
1522539266, 2097, 1511855, 2, 354052
1522539270, 2098, 1615289, 3, 457231
1522539272, 2099, 951239, 2, 583687
1522539279, 2100, 4919186, 6, 348124
1522539280, 2101, 1087667, 1, 638489
1522539288, 2102, 4919186, 7, 577852
1522539290, 2103, 1511855, 2, 457040
1522539291, 2104, 437643, 0, 581242
1522539298, 2105, 4919186, 7, 509765
1522539304, 2106, 3688570, 5, 833555
1522539306, 2107, 1278476, 1, 842934
1522539308, 2108, 1000535, 2, 47479
1522539310, 2109, 951239, 1, 535201
1522539312, 2110, 1000535, 2, 253695
1522539317, 2111, 3224957, 5, 118835
1522539318, 2112, 437643, 0, 614934
1522539320, 2113, 1511855, 2, 661526
1522539323, 2114, 1278476, 2, 970429
1522539329, 2115, 3688570, 5, 937441
1522539330, 2116, 437643, 1, 23992
1522539334, 2117, 1615289, 3, 583448
1522539336, 2118, 1615289, 1, 987228
1522539339, 2119, 1615289, 2, 927504
1522539341, 2120, 1615289, 2, 47533
1522539343, 2121, 1000535, 1, 945293
1522539343, 2122, 437643, 0, 618994
1522539345, 2123, 1000535, 1, 531450
1522539348, 2124, 1615289, 2, 968392
1522539353, 2125, 3688570, 5, 119216
1522539355, 2126, 951239, 1, 550925
1522539360, 2127, 3224957, 5, 851847
1522539369, 2128, 4919186, 8, 365184
1522539370, 2129, 1000535, 1, 330081
1522539372, 2130, 1087667, 2, 152306
1522539377, 2131, 3688570, 4, 913994
1522539379, 2132, 1000535, 1, 739343
1522539381, 2133, 951239, 1, 689329
1522539383, 2134, 951239, 2, 305164
1522539387, 2135, 1615289, 3, 684701
1522539388, 2136, 1000535, 1, 534558
1522539394, 2137, 3688570, 6, 145764
1522539399, 2138, 3688570, 5, 15347
1522539401, 2139, 1087667, 1, 638678
1522539403, 2140, 1278476, 2, 254457
1522539406, 2141, 1087667, 2, 557231
1522539412, 2142, 3224957, 5, 836695
1522539413, 2143, 1000535, 1, 538544
1522539415, 2144, 1087667, 2, 354945
1522539418, 2145, 1278476, 2, 558929
1522539423, 2146, 3224957, 4, 467414
1522539423, 2147, 437643, 0, 756892
1522539425, 2148, 1087667, 1, 634493
1522539427, 2149, 1615289, 2, 455775
1522539430, 2150, 1000535, 2, 360785
1522539431, 2151, 1087667, 1, 736066
1522539434, 2152, 1511855, 2, 455253
1522539436, 2153, 951239, 2, 81285
1522539440, 2154, 3224957, 4, 204334
1522539441, 2155, 437643, 0, 576153
1522539449, 2156, 4919186, 7, 989745
1522539455, 2157, 3688570, 5, 935377
1522539457, 2158, 1087667, 1, 842752
1522539462, 2159, 3688570, 5, 223013
1522539464, 2160, 1278476, 2, 148725
1522539472, 2161, 4919186, 8, 193020
1522539474, 2162, 951239, 1, 467033
1522539480, 2163, 3688570, 6, 620482
1522539482, 2164, 1511855, 1, 842880
1522539485, 2165, 1615289, 2, 969916
1522539490, 2166, 3688570, 4, 870078
1522539491, 2167, 1000535, 1, 477094
1522539494, 2168, 1000535, 2, 357383
1522539501, 2169, 4919186, 6, 957063
1522539508, 2170, 4919186, 7, 679921
1522539510, 2171, 951239, 1, 646482
1522539517, 2172, 4919186, 7, 413498
1522539519, 2173, 1000535, 1, 513989
1522539525, 2174, 3224957, 5, 808061
1522539528, 2175, 1615289, 2, 868201
1522539529, 2176, 1000535, 1, 738682
1522539532, 2177, 1087667, 2, 872474
1522539535, 2178, 1087667, 2, 349313
1522539535, 2179, 437643, 0, 928222
1522539537, 2180, 1087667, 1, 937888
1522539545, 2181, 4919186, 7, 884467
1522539551, 2182, 3224957, 5, 224934
1522539556, 2183, 3224957, 5, 16538
1522539558, 2184, 1615289, 2, 46192
1522539560, 2185, 1615289, 2, 871702
1522539566, 2186, 3224957, 5, 487661
1522539568, 2187, 1511855, 1, 980926
1522539570, 2188, 1000535, 1, 928168
1522539575, 2189, 3224957, 5, 517088
1522539577, 2190, 951239, 1, 770029
1522539581, 2191, 1615289, 3, 381038
1522539582, 2192, 1278476, 1, 942777
1522539586, 2193, 1087667, 3, 382770
1522539592, 2194, 3688570, 6, 139889
1522539594, 2195, 1615289, 2, 252520
1522539597, 2196, 1511855, 2, 558364
1522539599, 2197, 1000535, 1, 943021
1522539601, 2198, 1000535, 1, 850434
1522539603, 2199, 1511855, 2, 777977
1522539606, 2200, 1278476, 2, 127778
1522539606, 2201, 437643, 0, 616818
1522539609, 2202, 1615289, 2, 912068
1522539611, 2203, 1000535, 1, 798105
1522539612, 2204, 1087667, 1, 638614
1522539614, 2205, 951239, 1, 535402
1522539619, 2206, 3688570, 4, 715053
1522539625, 2207, 3224957, 6, 445927
1522539626, 2208, 437643, 0, 497679
1522539627, 2209, 437643, 1, 39221
1522539632, 2210, 3224957, 4, 911863
1522539634, 2211, 1087667, 2, 560629
1522539639, 2212, 3688570, 4, 913432
1522539644, 2213, 3224957, 4, 914695
1522539647, 2214, 1615289, 2, 868559
1522539652, 2215, 3224957, 4, 824085
1522539656, 2216, 3688570, 4, 587195
1522539658, 2217, 1615289, 2, 54034
1522539660, 2218, 1000535, 1, 537445
1522539665, 2219, 3224957, 5, 426195
1522539668, 2220, 1615289, 3, 72109
1522539670, 2221, 1000535, 1, 942992
1522539672, 2222, 1511855, 1, 952266
1522539675, 2223, 1000535, 2, 455041
1522539677, 2224, 1615289, 2, 43474
1522539678, 2225, 1000535, 1, 534195
1522539686, 2226, 4919186, 7, 811486
1522539688, 2227, 1000535, 1, 608926
1522539690, 2228, 1000535, 1, 947396
1522539692, 2229, 1000535, 2, 50429
1522539693, 2230, 1000535, 1, 649071
1522539694, 2231, 437643, 0, 802445
1522539702, 2232, 4919186, 7, 684636
1522539704, 2233, 1278476, 1, 940428
1522539706, 2234, 1000535, 2, 355193
1522539708, 2235, 1000535, 2, 149796
1522539714, 2236, 3688570, 5, 330574
1522539715, 2237, 951239, 1, 638328
1522539718, 2238, 1278476, 2, 962519
1522539720, 2239, 1000535, 2, 53732
1522539722, 2240, 951239, 1, 427980
1522539723, 2241, 437643, 1, 23190
1522539724, 2242, 437643, 0, 826594
1522539726, 2243, 1278476, 2, 252419
1522539728, 2244, 1000535, 1, 693398
1522539733, 2245, 3688570, 5, 670204
1522539735, 2246, 1615289, 2, 252811
1522539743, 2247, 4919186, 7, 375061
1522539745, 2248, 1278476, 2, 222976
1522539747, 2249, 1000535, 1, 971275
1522539749, 2250, 1000535, 1, 638125
1522539751, 2251, 1000535, 2, 559853
1522539754, 2252, 1511855, 3, 177250
1522539756, 2253, 437643, 1, 327822
1522539758, 2254, 1087667, 1, 926264
1522539759, 2255, 437643, 1, 42700
1522539761, 2256, 1615289, 2, 149021
1522539766, 2257, 3224957, 5, 512347
1522539772, 2258, 3688570, 5, 651794
1522539774, 2259, 1087667, 1, 672578
1522539776, 2260, 1000535, 2, 9149
1522539778, 2261, 1615289, 2, 48571
1522539778, 2262, 437643, 0, 614177
1522539781, 2263, 1511855, 2, 558484
1522539783, 2264, 1087667, 1, 952563
1522539788, 2265, 3224957, 5, 317139
1522539790, 2266, 1511855, 2, 47574
1522539792, 2267, 1087667, 1, 662416
1522539793, 2268, 1000535, 1, 410422
1522539800, 2269, 3688570, 6, 244544
1522539804, 2270, 1615289, 3, 993247
1522539805, 2271, 1087667, 1, 596864
1522539808, 2272, 1511855, 3, 113593
1522539810, 2273, 1615289, 2, 47011
1522539812, 2274, 951239, 1, 944888
1522539815, 2275, 1278476, 2, 866775
1522539816, 2276, 437643, 1, 230702
1522539821, 2277, 3224957, 4, 912834
1522539823, 2278, 437643, 1, 642788
1522539824, 2279, 951239, 1, 427339
1522539826, 2280, 951239, 2, 57082
1522539828, 2281, 951239, 1, 526570
1522539832, 2282, 3224957, 4, 514164
1522539841, 2283, 4919186, 8, 162917
1522539842, 2284, 951239, 1, 404839
1522539850, 2285, 4919186, 8, 240105
1522539853, 2286, 1511855, 2, 775541
1522539854, 2287, 951239, 1, 216855
1522539856, 2288, 1615289, 2, 152665
1522539862, 2289, 3224957, 5, 601102
1522539863, 2290, 1000535, 1, 361777
1522539869, 2291, 3224957, 5, 157162
1522539873, 2292, 3224957, 4, 771758
1522539875, 2293, 1000535, 1, 640195
1522539876, 2294, 437643, 0, 922755
1522539878, 2295, 951239, 2, 452808
1522539881, 2296, 1615289, 2, 661136
1522539882, 2297, 437643, 1, 122282
1522539884, 2298, 1278476, 1, 745091
1522539892, 2299, 4919186, 7, 680637
1522539893, 2300, 1000535, 1, 636620
1522539895, 2301, 1000535, 2, 231661
1522539897, 2302, 1000535, 1, 658386
1522539899, 2303, 1000535, 1, 537090
1522539907, 2304, 4919186, 7, 985115
1522539910, 2305, 1511855, 3, 71654
1522539912, 2306, 1615289, 2, 133840
1522539914, 2307, 1000535, 2, 370722
1522539916, 2308, 1278476, 2, 50909
1522539924, 2309, 4919186, 7, 983876
1522539930, 2310, 3688570, 5, 340734
1522539931, 2311, 1087667, 1, 702456
1522539936, 2312, 3224957, 4, 936078
1522539938, 2313, 1000535, 1, 535581
1522539938, 2314, 437643, 0, 615033
1522539945, 2315, 3688570, 6, 859448
1522539947, 2316, 1000535, 1, 444163
1522539949, 2317, 1615289, 2, 448960
1522539952, 2318, 1511855, 2, 659457
1522539953, 2319, 1087667, 1, 637912
1522539956, 2320, 951239, 2, 457106
1522539964, 2321, 4919186, 8, 89346
1522539966, 2322, 1615289, 2, 47741
1522539972, 2323, 3688570, 5, 634393
1522539979, 2324, 4919186, 7, 474012
1522539987, 2325, 4919186, 7, 780054
1522539994, 2326, 4919186, 6, 757836
1522539996, 2327, 1511855, 2, 149966
1522539999, 2328, 1615289, 2, 969053
1522540001, 2329, 1000535, 1, 762390
1522540002, 2330, 1000535, 1, 616553
1522540003, 2331, 437643, 0, 921283
1522540006, 2332, 1615289, 3, 177241
1522540009, 2333, 1615289, 2, 453535
1522540015, 2334, 3224957, 5, 839148
1522540017, 2335, 951239, 2, 149387
1522540019, 2336, 1511855, 2, 353291
1522540022, 2337, 1615289, 2, 749531
1522540024, 2338, 951239, 1, 959389
1522540025, 2339, 1511855, 1, 740447
1522540030, 2340, 3224957, 5, 22517
1522540035, 2341, 3224957, 4, 194062
1522540036, 2342, 1000535, 1, 640135
1522540039, 2343, 1278476, 2, 249355
1522540041, 2344, 1000535, 2, 363284
1522540044, 2345, 1511855, 3, 165589
1522540047, 2346, 1615289, 2, 824249
1522540048, 2347, 951239, 1, 167968
1522540050, 2348, 1000535, 2, 47401
1522540052, 2349, 1511855, 1, 998601
1522540054, 2350, 1000535, 1, 687165
1522540057, 2351, 1511855, 2, 866856
1522540059, 2352, 951239, 1, 945161
1522540063, 2353, 3224957, 4, 607277
1522540068, 2354, 3224957, 4, 915978
1522540070, 2355, 1000535, 1, 432226
1522540072, 2356, 1278476, 2, 764270
1522540074, 2357, 951239, 2, 112923
1522540078, 2358, 1511855, 3, 211072
1522540079, 2359, 951239, 1, 740718
1522540081, 2360, 1000535, 1, 637773
1522540083, 2361, 1000535, 2, 366568
1522540085, 2362, 1000535, 1, 935388
1522540087, 2363, 1000535, 1, 842684
1522540089, 2364, 1000535, 1, 431245
1522540096, 2365, 4919186, 7, 372625
1522540103, 2366, 4919186, 6, 962727
1522540110, 2367, 4919186, 6, 930048
1522540111, 2368, 1000535, 1, 473692
1522540119, 2369, 4919186, 7, 263364
1522540121, 2370, 1615289, 2, 47447
1522540129, 2371, 4919186, 8, 192820
1522540131, 2372, 951239, 1, 635950
1522540133, 2373, 1000535, 2, 305380
1522540134, 2374, 1000535, 1, 484305
1522540140, 2375, 3688570, 5, 737971
1522540143, 2376, 1615289, 2, 609922
1522540147, 2377, 1511855, 3, 834157
1522540149, 2378, 1511855, 2, 661297
1522540151, 2379, 951239, 1, 742834
1522540152, 2380, 1087667, 1, 533095
1522540158, 2381, 3688570, 5, 942601
1522540161, 2382, 1511855, 2, 862984
1522540164, 2383, 1000535, 2, 354300
1522540165, 2384, 1000535, 1, 789294
1522540167, 2385, 437643, 1, 179996
1522540174, 2386, 4919186, 7, 679389
1522540175, 2387, 437643, 0, 614069
1522540178, 2388, 1615289, 2, 798833
1522540185, 2389, 4919186, 6, 928164
1522540186, 2390, 1278476, 1, 741161
1522540189, 2391, 1000535, 2, 339735
1522540194, 2392, 3224957, 5, 748602
1522540203, 2393, 4919186, 8, 95980
1522540205, 2394, 1087667, 2, 44091
1522540207, 2395, 1615289, 2, 865546
1522540209, 2396, 951239, 1, 942684
1522540211, 2397, 1511855, 1, 843801
1522540214, 2398, 1278476, 2, 649161
1522540221, 2399, 4919186, 7, 194661
1522540223, 2400, 1615289, 2, 134744
1522540231, 2401, 4919186, 7, 679485
1522540232, 2402, 437643, 1, 27557
1522540235, 2403, 1511855, 3, 374895
1522540237, 2404, 1087667, 2, 216706
1522540243, 2405, 3688570, 5, 360014
1522540251, 2406, 4919186, 7, 870780
1522540258, 2407, 4919186, 7, 364689
1522540260, 2408, 1511855, 2, 68773
1522540261, 2409, 437643, 0, 717361
1522540262, 2410, 1087667, 1, 329482
1522540265, 2411, 1000535, 2, 355745
1522540267, 2412, 951239, 1, 947774
1522540268, 2413, 437643, 1, 91095
1522540273, 2414, 3224957, 5, 873179
1522540275, 2415, 1511855, 1, 784925
1522540277, 2416, 1000535, 1, 900630
1522540279, 2417, 951239, 1, 739414
1522540281, 2418, 1000535, 1, 930023
1522540283, 2419, 1511855, 1, 956683
1522540291, 2420, 4919186, 8, 194815
1522540293, 2421, 951239, 2, 60900
1522540295, 2422, 1000535, 2, 338023
1522540297, 2423, 1000535, 1, 637872
1522540299, 2424, 1000535, 1, 842475
1522540301, 2425, 1278476, 1, 843663
1522540303, 2426, 1000535, 2, 442457
1522540305, 2427, 1000535, 1, 652460
1522540306, 2428, 1000535, 1, 432947
1522540313, 2429, 4919186, 7, 234827
1522540315, 2430, 951239, 1, 673066
1522540318, 2431, 1615289, 3, 71704
1522540320, 2432, 1087667, 1, 538561
1522540326, 2433, 4919186, 6, 652694
1522540328, 2434, 1000535, 1, 536922
1522540329, 2435, 1000535, 1, 434788
1522540336, 2436, 4919186, 7, 108456
1522540338, 2437, 1278476, 1, 902026
1522540340, 2438, 951239, 1, 941827
1522540343, 2439, 951239, 2, 355272
1522540348, 2440, 3224957, 4, 918594
1522540351, 2441, 1615289, 3, 170298
1522540359, 2442, 4919186, 8, 293827
1522540361, 2443, 1615289, 2, 253297
1522540364, 2444, 1278476, 2, 255569
1522540366, 2445, 1000535, 1, 944962
1522540367, 2446, 437643, 1, 944609
1522540370, 2447, 1000535, 2, 762354
1522540372, 2448, 1278476, 1, 841109
1522540373, 2449, 437643, 0, 921162
1522540375, 2450, 1000535, 1, 947491
1522540376, 2451, 1087667, 1, 430869
1522540379, 2452, 1278476, 2, 559569
1522540386, 2453, 4919186, 6, 655821
1522540387, 2454, 1000535, 1, 434308
1522540389, 2455, 1000535, 2, 149853
1522540392, 2456, 1615289, 2, 558517
1522540394, 2457, 1615289, 2, 150156
1522540396, 2458, 1278476, 1, 944910
1522540401, 2459, 3224957, 5, 120586
1522540403, 2460, 1278476, 1, 739264
1522540405, 2461, 1615289, 2, 559659
1522540407, 2462, 437643, 1, 740353
1522540409, 2463, 1000535, 1, 546763
1522540409, 2464, 437643, 0, 603317
1522540412, 2465, 1511855, 2, 749076
1522540420, 2466, 4919186, 8, 308753
1522540422, 2467, 1000535, 1, 638619
1522540426, 2468, 1511855, 3, 788908
1522540432, 2469, 4919186, 6, 41438
1522540433, 2470, 1000535, 1, 535178
1522540434, 2471, 1000535, 1, 227039
1522540442, 2472, 4919186, 7, 404687
1522540443, 2473, 1000535, 1, 535013
1522540445, 2474, 1000535, 1, 299544
1522540445, 2475, 437643, 0, 622355
1522540447, 2476, 1511855, 2, 39436
1522540453, 2477, 3224957, 5, 528950
1522540459, 2478, 3688570, 5, 978460
1522540461, 2479, 1511855, 2, 8307
1522540463, 2480, 1615289, 2, 551808
1522540469, 2481, 3688570, 6, 41156
1522540477, 2482, 4919186, 7, 175868
1522540479, 2483, 1511855, 2, 150462
1522540480, 2484, 951239, 1, 533606
1522540483, 2485, 1087667, 2, 354516
1522540485, 2486, 1511855, 1, 888244
1522540486, 2487, 1000535, 1, 695731
1522540487, 2488, 437643, 0, 613345
1522540490, 2489, 1511855, 2, 776690
1522540491, 2490, 1000535, 1, 625776
1522540495, 2491, 1615289, 3, 378993
1522540500, 2492, 3224957, 5, 632046
1522540507, 2493, 4919186, 6, 758249
1522540508, 2494, 1087667, 1, 331332
1522540510, 2495, 951239, 1, 581227
1522540512, 2496, 1000535, 2, 914
1522540514, 2497, 1087667, 2, 457247
1522540516, 2498, 1000535, 2, 19331
1522540520, 2499, 1278476, 3, 510264
1522540522, 2500, 1000535, 2, 147448
1522540523, 2501, 1000535, 1, 389413
1522540531, 2502, 4919186, 7, 704011
1522540532, 2503, 437643, 1, 146478
1522540534, 2504, 1000535, 1, 842209
1522540542, 2505, 4919186, 7, 513153
1522540546, 2506, 3224957, 4, 746824
1522540551, 2507, 3224957, 4, 840062
1522540553, 2508, 1511855, 1, 813884
1522540555, 2509, 951239, 2, 350698
1522540558, 2510, 1511855, 2, 368362
1522540560, 2511, 1511855, 2, 356915
1522540563, 2512, 1087667, 2, 380817
1522540564, 2513, 1087667, 1, 730294
1522540566, 2514, 951239, 1, 945251
1522540569, 2515, 1087667, 2, 457569
1522540570, 2516, 437643, 0, 945780
1522540572, 2517, 1087667, 2, 23278
1522540577, 2518, 3224957, 5, 528563
1522540579, 2519, 1087667, 1, 945326
1522540581, 2520, 951239, 2, 179396
1522540586, 2521, 3224957, 4, 374386
1522540587, 2522, 437643, 1, 23559
1522540589, 2523, 1278476, 1, 841914
1522540591, 2524, 1278476, 2, 559792
1522540595, 2525, 3224957, 4, 300800
1522540597, 2526, 1000535, 1, 862300
1522540600, 2527, 1087667, 2, 539435
1522540602, 2528, 1087667, 2, 457005
1522540608, 2529, 3688570, 5, 310790
1522540608, 2530, 437643, 0, 628294
1522540613, 2531, 3688570, 5, 145071
1522540615, 2532, 951239, 1, 612096
1522540621, 2533, 3688570, 5, 546240
1522540625, 2534, 3224957, 4, 897603
1522540627, 2535, 437643, 1, 316280
1522540635, 2536, 4919186, 7, 898634
1522540636, 2537, 1278476, 1, 640270
1522540642, 2538, 3224957, 5, 834296
